rank	name	kp_rating	imdb_rating	year	url	_utc_timestamp
1	Побег из Шоушенка	9.112	9.3	1994	https://www.kinopoisk.ruhttps://www.kinopoisk.ru/film/326/	2019-12-17 18:48:56
2	Зеленая миля	9.061	8.6	1999	https://www.kinopoisk.ruhttps://www.kinopoisk.ru/film/435/	2019-12-17 18:48:56
3	Форрест Гамп	8.913	8.8	1994	https://www.kinopoisk.ruhttps://www.kinopoisk.ru/film/448/	2019-12-17 18:48:56
4	Список Шиндлера	8.817	8.9	1993	https://www.kinopoisk.ruhttps://www.kinopoisk.ru/film/329/	2019-12-17 18:48:56
5	1+1	8.807	8.5	2011	https://www.kinopoisk.ruhttps://www.kinopoisk.ru/film/535341/	2019-12-17 18:48:56
6	Начало	8.663	8.8	2010	https://www.kinopoisk.ruhttps://www.kinopoisk.ru/film/447301/	2019-12-17 18:48:56
7	Леон	8.681	8.5	1994	https://www.kinopoisk.ruhttps://www.kinopoisk.ru/film/389/	2019-12-17 18:48:56
8	Король Лев	8.773	8.5	1994	https://www.kinopoisk.ruhttps://www.kinopoisk.ru/film/2360/	2019-12-17 18:48:56
9	Бойцовский клуб	8.645	8.8	1999	https://www.kinopoisk.ruhttps://www.kinopoisk.ru/film/361/	2019-12-17 18:48:56
10	Иван Васильевич меняет профессию	8.782	8.4	1973	https://www.kinopoisk.ruhttps://www.kinopoisk.ru/film/42664/	2019-12-17 18:48:56
11	Жизнь прекрасна	8.626	8.6	1997	https://www.kinopoisk.ruhttps://www.kinopoisk.ru/film/381/	2019-12-17 18:48:56
12	Достучаться до небес	8.629	8.0	1997	https://www.kinopoisk.ruhttps://www.kinopoisk.ru/film/32898/	2019-12-17 18:48:56
13	Крестный отец	8.734	9.2	1972	https://www.kinopoisk.ruhttps://www.kinopoisk.ru/film/325/	2019-12-17 18:48:56
14	Криминальное чтиво	8.619	8.9	1994	https://www.kinopoisk.ruhttps://www.kinopoisk.ru/film/342/	2019-12-17 18:48:56
15	Операция «Ы» и другие приключения Шурика	8.712	8.7	1965	https://www.kinopoisk.ruhttps://www.kinopoisk.ru/film/42782/	2019-12-17 18:48:56
16	Престиж	8.523	8.5	2006	https://www.kinopoisk.ruhttps://www.kinopoisk.ru/film/195334/	2019-12-17 18:48:56
17	Игры разума	8.555	8.2	2001	https://www.kinopoisk.ruhttps://www.kinopoisk.ru/film/530/	2019-12-17 18:48:56
18	Интерстеллар	8.589	8.6	2014	https://www.kinopoisk.ruhttps://www.kinopoisk.ru/film/258687/	2019-12-17 18:48:56
19	Гладиатор	8.579	8.5	2000	https://www.kinopoisk.ruhttps://www.kinopoisk.ru/film/474/	2019-12-17 18:48:56
20	Властелин колец: Возвращение Короля	8.621	8.9	2003	https://www.kinopoisk.ruhttps://www.kinopoisk.ru/film/3498/	2019-12-17 18:48:56
21	Назад в будущее	8.626	8.5	1985	https://www.kinopoisk.ruhttps://www.kinopoisk.ru/film/476/	2019-12-17 18:48:56
22	Карты, деньги, два ствола	8.546	8.2	1998	https://www.kinopoisk.ruhttps://www.kinopoisk.ru/film/522/	2019-12-17 18:48:56
23	Матрица	8.49	8.7	1999	https://www.kinopoisk.ruhttps://www.kinopoisk.ru/film/301/	2019-12-17 18:48:56
24	Бриллиантовая рука	8.517	8.5	1968	https://www.kinopoisk.ruhttps://www.kinopoisk.ru/film/46225/	2019-12-17 18:48:56
25	Отступники	8.455	8.5	2006	https://www.kinopoisk.ruhttps://www.kinopoisk.ru/film/81314/	2019-12-17 18:48:56
26	Поймай меня, если сможешь	8.513	8.1	2002	https://www.kinopoisk.ruhttps://www.kinopoisk.ru/film/324/	2019-12-17 18:48:56
27	Пианист	8.464	8.5	2002	https://www.kinopoisk.ruhttps://www.kinopoisk.ru/film/355/	2019-12-17 18:48:56
28	В бой идут одни «старики»	8.709	8.4	1973	https://www.kinopoisk.ruhttps://www.kinopoisk.ru/film/25108/	2019-12-17 18:48:56
29	Властелин колец: Братство кольца	8.568	8.8	2001	https://www.kinopoisk.ruhttps://www.kinopoisk.ru/film/328/	2019-12-17 18:48:56
30	ВАЛЛ·И	8.306	8.4	2008	https://www.kinopoisk.ruhttps://www.kinopoisk.ru/film/279102/	2019-12-17 18:48:56
31	Большой куш	8.534	8.3	2000	https://www.kinopoisk.ruhttps://www.kinopoisk.ru/film/526/	2019-12-17 18:48:56
32	Тайна Коко	8.599	8.4	2017	https://www.kinopoisk.ruhttps://www.kinopoisk.ru/film/679486/	2019-12-17 18:48:56
33	Властелин колец: Две крепости	8.564	8.7	2002	https://www.kinopoisk.ruhttps://www.kinopoisk.ru/film/312/	2019-12-17 18:48:56
34	Американская история X	8.296	8.5	1998	https://www.kinopoisk.ruhttps://www.kinopoisk.ru/film/382/	2019-12-17 18:48:56
35	Джентльмены удачи	8.526	8.5	1971	https://www.kinopoisk.ruhttps://www.kinopoisk.ru/film/44386/	2019-12-17 18:48:56
36	Пираты Карибского моря: Проклятие Черной жемчужины	8.334	8.0	2003	https://www.kinopoisk.ruhttps://www.kinopoisk.ru/film/4374/	2019-12-17 18:48:56
37	Остров проклятых	8.493	8.1	2009	https://www.kinopoisk.ruhttps://www.kinopoisk.ru/film/397667/	2019-12-17 18:48:56
38	Пролетая над гнездом кукушки	8.543	8.7	1975	https://www.kinopoisk.ruhttps://www.kinopoisk.ru/film/336/	2019-12-17 18:48:56
39	Темный рыцарь	8.5	9.0	2008	https://www.kinopoisk.ruhttps://www.kinopoisk.ru/film/111543/	2019-12-17 18:48:56
40	Титаник	8.365	7.8	1997	https://www.kinopoisk.ruhttps://www.kinopoisk.ru/film/2213/	2019-12-17 18:48:56
41	12 разгневанных мужчин	8.511	8.9	1956	https://www.kinopoisk.ruhttps://www.kinopoisk.ru/film/346/	2019-12-17 18:48:56
42	Запах женщины	8.451	8.0	1992	https://www.kinopoisk.ruhttps://www.kinopoisk.ru/film/4871/	2019-12-17 18:48:56
43	В джазе только девушки	8.461	8.2	1959	https://www.kinopoisk.ruhttps://www.kinopoisk.ru/film/356/	2019-12-17 18:48:56
44	Пробуждение	8.439	7.8	1990	https://www.kinopoisk.ruhttps://www.kinopoisk.ru/film/2950/	2019-12-17 18:48:56
45	Хатико: Самый верный друг	8.341	8.1	2008	https://www.kinopoisk.ruhttps://www.kinopoisk.ru/film/387556/	2019-12-17 18:48:56
46	Огни большого города	8.508	8.5	1931	https://www.kinopoisk.ruhttps://www.kinopoisk.ru/film/414/	2019-12-17 18:48:56
47	Унесённые призраками	8.433	8.6	2001	https://www.kinopoisk.ruhttps://www.kinopoisk.ru/film/370/	2019-12-17 18:48:56
48	...А зори здесь тихие	8.504	8.2	1972	https://www.kinopoisk.ruhttps://www.kinopoisk.ru/film/43395/	2019-12-17 18:48:56
49	Эта замечательная жизнь	8.453	8.6	1947	https://www.kinopoisk.ruhttps://www.kinopoisk.ru/film/348/	2019-12-17 18:48:56
50	Кавказская пленница, или Новые приключения Шурика	8.457	8.4	1966	https://www.kinopoisk.ruhttps://www.kinopoisk.ru/film/44745/	2019-12-17 18:48:56
51	Хороший, плохой, злой	8.528	8.8	1966	https://www.kinopoisk.ruhttps://www.kinopoisk.ru/film/349/	2019-12-17 18:48:56
52	Хористы	8.278	7.9	2004	https://www.kinopoisk.ruhttps://www.kinopoisk.ru/film/51481/	2019-12-17 18:48:56
53	Приключения Шерлока Холмса и доктора Ватсона: Собака Баскервилей  (ТВ)	8.6	8.7	1981	https://www.kinopoisk.ruhttps://www.kinopoisk.ru/film/77263/	2019-12-17 18:48:56
54	Семь	8.295	8.6	1995	https://www.kinopoisk.ruhttps://www.kinopoisk.ru/film/377/	2019-12-17 18:48:56
55	Молчание ягнят	8.332	8.6	1990	https://www.kinopoisk.ruhttps://www.kinopoisk.ru/film/345/	2019-12-17 18:48:56
56	Шоу Трумана	8.252	8.1	1998	https://www.kinopoisk.ruhttps://www.kinopoisk.ru/film/4541/	2019-12-17 18:48:56
57	Как приручить дракона	8.201	8.1	2010	https://www.kinopoisk.ruhttps://www.kinopoisk.ru/film/280172/	2019-12-17 18:48:56
58	Терминатор 2: Судный день	8.307	8.5	1991	https://www.kinopoisk.ruhttps://www.kinopoisk.ru/film/444/	2019-12-17 18:48:56
59	Джанго освобожденный	8.181	8.4	2012	https://www.kinopoisk.ruhttps://www.kinopoisk.ru/film/586397/	2019-12-17 18:48:56
60	Крестный отец 2	8.541	9.0	1974	https://www.kinopoisk.ruhttps://www.kinopoisk.ru/film/327/	2019-12-17 18:48:56
61	Собачье сердце  (ТВ)	8.343	8.7	1988	https://www.kinopoisk.ruhttps://www.kinopoisk.ru/film/77335/	2019-12-17 18:48:56
62	Нокдаун	8.203	8.0	2005	https://www.kinopoisk.ruhttps://www.kinopoisk.ru/film/12244/	2019-12-17 18:48:56
63	Игра	8.253	7.8	1997	https://www.kinopoisk.ruhttps://www.kinopoisk.ru/film/12198/	2019-12-17 18:48:56
64	Храброе сердце	8.281	8.3	1995	https://www.kinopoisk.ruhttps://www.kinopoisk.ru/film/399/	2019-12-17 18:48:56
65	Шерлок Холмс и доктор Ватсон: Знакомство  (ТВ)	8.556	8.6	1980	https://www.kinopoisk.ruhttps://www.kinopoisk.ru/film/77269/	2019-12-17 18:48:56
66	Москва слезам не верит	8.372	8.1	1979	https://www.kinopoisk.ruhttps://www.kinopoisk.ru/film/46708/	2019-12-17 18:48:56
67	Гран Торино	8.131	8.1	2008	https://www.kinopoisk.ruhttps://www.kinopoisk.ru/film/408410/	2019-12-17 18:48:56
68	Одержимость	8.328	8.5	2013	https://www.kinopoisk.ruhttps://www.kinopoisk.ru/film/725190/	2019-12-17 18:48:56
69	Прислуга	8.164	8.1	2011	https://www.kinopoisk.ruhttps://www.kinopoisk.ru/film/470553/	2019-12-17 18:48:56
70	Человек дождя	8.247	8.0	1988	https://www.kinopoisk.ruhttps://www.kinopoisk.ru/film/519/	2019-12-17 18:48:56
71	Зверополис	8.296	8.0	2016	https://www.kinopoisk.ruhttps://www.kinopoisk.ru/film/775276/	2019-12-17 18:48:56
72	Изгой	8.252	7.8	2000	https://www.kinopoisk.ruhttps://www.kinopoisk.ru/film/627/	2019-12-17 18:48:56
73	Шестое чувство	8.173	8.1	1999	https://www.kinopoisk.ruhttps://www.kinopoisk.ru/film/395/	2019-12-17 18:48:56
74	Летят журавли	8.291	8.3	1957	https://www.kinopoisk.ruhttps://www.kinopoisk.ru/film/7724/	2019-12-17 18:48:56
75	Офицеры	8.453	7.7	1971	https://www.kinopoisk.ruhttps://www.kinopoisk.ru/film/42736/	2019-12-17 18:48:56
76	Малыш	8.244	8.3	1921	https://www.kinopoisk.ruhttps://www.kinopoisk.ru/film/2127/	2019-12-17 18:48:56
77	Спасти рядового Райана	8.178	8.6	1998	https://www.kinopoisk.ruhttps://www.kinopoisk.ru/film/371/	2019-12-17 18:48:56
78	В погоне за счастьем	8.249	8.0	2006	https://www.kinopoisk.ruhttps://www.kinopoisk.ru/film/104938/	2019-12-17 18:48:56
79	Белый Бим Черное ухо	8.371	8.3	1976	https://www.kinopoisk.ruhttps://www.kinopoisk.ru/film/46068/	2019-12-17 18:48:56
80	Эффект бабочки	8.168	7.6	2003	https://www.kinopoisk.ruhttps://www.kinopoisk.ru/film/5167/	2019-12-17 18:48:56
81	Судьба человека	8.367	8.0	1959	https://www.kinopoisk.ruhttps://www.kinopoisk.ru/film/44027/	2019-12-17 18:48:56
82	Назад в будущее 2	8.288	7.8	1989	https://www.kinopoisk.ruhttps://www.kinopoisk.ru/film/5502/	2019-12-17 18:48:56
83	Красавица и чудовище	8.27	8.0	1991	https://www.kinopoisk.ruhttps://www.kinopoisk.ru/film/540/	2019-12-17 18:48:56
84	Дневник памяти	8.257	7.8	2004	https://www.kinopoisk.ruhttps://www.kinopoisk.ru/film/3561/	2019-12-17 18:48:56
85	Укрощение строптивого	8.385	7.7	1980	https://www.kinopoisk.ruhttps://www.kinopoisk.ru/film/63912/	2019-12-17 18:48:56
86	Однажды в Америке	8.274	8.4	1983	https://www.kinopoisk.ruhttps://www.kinopoisk.ru/film/469/	2019-12-17 18:48:56
87	Римские каникулы	8.275	8.0	1953	https://www.kinopoisk.ruhttps://www.kinopoisk.ru/film/497/	2019-12-17 18:48:56
88	Балто	8.329	7.1	1995	https://www.kinopoisk.ruhttps://www.kinopoisk.ru/film/7097/	2019-12-17 18:48:56
89	Унесенные ветром	8.383	8.1	1939	https://www.kinopoisk.ruhttps://www.kinopoisk.ru/film/456/	2019-12-17 18:48:56
90	Служебный роман	8.289	8.3	1977	https://www.kinopoisk.ruhttps://www.kinopoisk.ru/film/43869/	2019-12-17 18:48:56
91	Темный рыцарь: Возрождение легенды	8.138	8.4	2012	https://www.kinopoisk.ruhttps://www.kinopoisk.ru/film/437410/	2019-12-17 18:48:56
92	Джокер	8.168	8.7	2019	https://www.kinopoisk.ruhttps://www.kinopoisk.ru/film/1048334/	2019-12-17 18:48:56
93	Жизнь других	8.067	8.4	2006	https://www.kinopoisk.ruhttps://www.kinopoisk.ru/film/126196/	2019-12-17 18:48:56
94	Счастливое число Слевина	8.112	7.7	2005	https://www.kinopoisk.ruhttps://www.kinopoisk.ru/film/86326/	2019-12-17 18:48:56
95	Амадей	8.154	8.3	1984	https://www.kinopoisk.ruhttps://www.kinopoisk.ru/film/397/	2019-12-17 18:48:56
96	Адвокат дьявола	8.164	7.5	1997	https://www.kinopoisk.ruhttps://www.kinopoisk.ru/film/3797/	2019-12-17 18:48:56
97	…А в душе я танцую	8.111	7.8	2004	https://www.kinopoisk.ruhttps://www.kinopoisk.ru/film/84014/	2019-12-17 18:48:56
98	Шерлок Холмс и доктор Ватсон: Смертельная схватка  (ТВ)	8.427	8.6	1980	https://www.kinopoisk.ruhttps://www.kinopoisk.ru/film/354799/	2019-12-17 18:48:56
99	Они сражались за Родину	8.377	8.0	1975	https://www.kinopoisk.ruhttps://www.kinopoisk.ru/film/42770/	2019-12-17 18:48:56
100	Ходячий замок	8.279	8.2	2004	https://www.kinopoisk.ruhttps://www.kinopoisk.ru/film/49684/	2019-12-17 18:48:56
101	Гонка	8.08	8.1	2013	https://www.kinopoisk.ruhttps://www.kinopoisk.ru/film/596125/	2019-12-17 18:48:56
102	Зеленая книга	8.323	8.2	2018	https://www.kinopoisk.ruhttps://www.kinopoisk.ru/film/1108577/	2019-12-17 18:48:56
103	Брат	8.228	8.0	1997	https://www.kinopoisk.ruhttps://www.kinopoisk.ru/film/41519/	2019-12-17 18:48:56
104	Баллада о солдате	8.249	8.2	1959	https://www.kinopoisk.ruhttps://www.kinopoisk.ru/film/46019/	2019-12-17 18:48:56
105	Хоббит: Нежданное путешествие	8.061	7.8	2012	https://www.kinopoisk.ruhttps://www.kinopoisk.ru/film/278522/	2019-12-17 18:48:56
106	Малышка на миллион	8.074	8.1	2004	https://www.kinopoisk.ruhttps://www.kinopoisk.ru/film/81297/	2019-12-17 18:48:56
107	Свидетель обвинения	8.158	8.4	1957	https://www.kinopoisk.ruhttps://www.kinopoisk.ru/film/489/	2019-12-17 18:48:56
108	Девчата	8.355	8.0	1962	https://www.kinopoisk.ruhttps://www.kinopoisk.ru/film/44168/	2019-12-17 18:48:56
109	Шерлок Холмс и доктор Ватсон: Кровавая надпись  (ТВ)	8.414	8.5	1979	https://www.kinopoisk.ruhttps://www.kinopoisk.ru/film/77265/	2019-12-17 18:48:56
110	Мальчик в полосатой пижаме	8.173	7.8	2008	https://www.kinopoisk.ruhttps://www.kinopoisk.ru/film/281251/	2019-12-17 18:48:56
111	Общество мертвых поэтов	8.213	8.1	1989	https://www.kinopoisk.ruhttps://www.kinopoisk.ru/film/4996/	2019-12-17 18:48:56
112	Одиннадцать друзей Оушена	8.095	7.8	2001	https://www.kinopoisk.ruhttps://www.kinopoisk.ru/film/770/	2019-12-17 18:48:56
113	Пятый элемент	8.076	7.7	1997	https://www.kinopoisk.ruhttps://www.kinopoisk.ru/film/2656/	2019-12-17 18:48:56
114	Казино	8.125	8.2	1995	https://www.kinopoisk.ruhttps://www.kinopoisk.ru/film/2494/	2019-12-17 18:48:56
115	Один дома	8.232	7.6	1990	https://www.kinopoisk.ruhttps://www.kinopoisk.ru/film/8124/	2019-12-17 18:48:56
116	День сурка	8.104	8.0	1993	https://www.kinopoisk.ruhttps://www.kinopoisk.ru/film/527/	2019-12-17 18:48:56
117	Артист	7.941	7.9	2011	https://www.kinopoisk.ruhttps://www.kinopoisk.ru/film/539550/	2019-12-17 18:48:56
118	Приключения Шерлока Холмса и доктора Ватсона: Охота на тигра  (ТВ)	8.382	8.5	1980	https://www.kinopoisk.ruhttps://www.kinopoisk.ru/film/368937/	2019-12-17 18:48:56
119	Добро пожаловать, или Посторонним вход воспрещен	8.264	8.1	1964	https://www.kinopoisk.ruhttps://www.kinopoisk.ru/film/44238/	2019-12-17 18:48:56
120	Аладдин	8.129	8.0	1992	https://www.kinopoisk.ruhttps://www.kinopoisk.ru/film/2361/	2019-12-17 18:48:56
121	Могила светлячков	8.178	8.5	1988	https://www.kinopoisk.ruhttps://www.kinopoisk.ru/film/8219/	2019-12-17 18:48:56
122	Невидимая сторона	8.15	7.6	2009	https://www.kinopoisk.ruhttps://www.kinopoisk.ru/film/450213/	2019-12-17 18:48:56
123	Новые времена	8.102	8.5	1936	https://www.kinopoisk.ruhttps://www.kinopoisk.ru/film/408/	2019-12-17 18:48:56
124	Город Бога	8.017	8.6	2002	https://www.kinopoisk.ruhttps://www.kinopoisk.ru/film/439/	2019-12-17 18:48:56
125	Как украсть миллион	8.207	7.6	1966	https://www.kinopoisk.ruhttps://www.kinopoisk.ru/film/10156/	2019-12-17 18:48:56
126	Любовь и голуби	8.264	8.1	1984	https://www.kinopoisk.ruhttps://www.kinopoisk.ru/film/45146/	2019-12-17 18:48:56
127	Ford против Ferrari	8.167	8.3	2019	https://www.kinopoisk.ruhttps://www.kinopoisk.ru/film/835086/	2019-12-17 18:48:56
128	Легенда о пианисте	8.139	8.1	1998	https://www.kinopoisk.ruhttps://www.kinopoisk.ru/film/8335/	2019-12-17 18:48:56
129	Меня зовут Кхан	8.096	8.0	2010	https://www.kinopoisk.ruhttps://www.kinopoisk.ru/film/406340/	2019-12-17 18:48:56
130	Семь жизней	8.178	7.6	2008	https://www.kinopoisk.ruhttps://www.kinopoisk.ru/film/395787/	2019-12-17 18:48:56
131	Шерлок Холмс и доктор Ватсон: Король шантажа  (ТВ)	8.357	8.5	1980	https://www.kinopoisk.ruhttps://www.kinopoisk.ru/film/368936/	2019-12-17 18:48:56
132	Афера	8.14	8.3	1973	https://www.kinopoisk.ruhttps://www.kinopoisk.ru/film/383/	2019-12-17 18:48:56
133	Привидение	8.165	7.0	1990	https://www.kinopoisk.ruhttps://www.kinopoisk.ru/film/1991/	2019-12-17 18:48:56
134	Танцующий с волками	8.11	8.0	1990	https://www.kinopoisk.ruhttps://www.kinopoisk.ru/film/2037/	2019-12-17 18:48:56
135	12 стульев	8.245	8.3	1971	https://www.kinopoisk.ruhttps://www.kinopoisk.ru/film/46789/	2019-12-17 18:48:56
136	Рэй	8.051	7.7	2004	https://www.kinopoisk.ruhttps://www.kinopoisk.ru/film/5319/	2019-12-17 18:48:56
137	Жизнь Дэвида Гейла	8.058	7.6	2002	https://www.kinopoisk.ruhttps://www.kinopoisk.ru/film/738/	2019-12-17 18:48:56
138	Самый быстрый Indian	8.029	7.8	2005	https://www.kinopoisk.ruhttps://www.kinopoisk.ru/film/81512/	2019-12-17 18:48:56
139	Шерлок Холмс и доктор Ватсон: Сокровища Агры  (ТВ)	8.35	8.4	1983	https://www.kinopoisk.ruhttps://www.kinopoisk.ru/film/77264/	2019-12-17 18:48:56
140	Терминал	8.069	7.3	2004	https://www.kinopoisk.ruhttps://www.kinopoisk.ru/film/6877/	2019-12-17 18:48:56
141	Умница Уилл Хантинг	8.074	8.3	1997	https://www.kinopoisk.ruhttps://www.kinopoisk.ru/film/539/	2019-12-17 18:48:56
142	Назад в будущее 3	8.167	7.4	1990	https://www.kinopoisk.ruhttps://www.kinopoisk.ru/film/7103/	2019-12-17 18:48:56
143	Славные парни	8.117	8.7	1990	https://www.kinopoisk.ruhttps://www.kinopoisk.ru/film/350/	2019-12-17 18:48:56
144	Пираты Карибского моря: Сундук мертвеца	8.09	7.3	2006	https://www.kinopoisk.ruhttps://www.kinopoisk.ru/film/63991/	2019-12-17 18:48:56
145	Лицо со шрамом	8.183	8.3	1983	https://www.kinopoisk.ruhttps://www.kinopoisk.ru/film/4695/	2019-12-17 18:48:56
146	На несколько долларов больше	8.167	8.3	1965	https://www.kinopoisk.ruhttps://www.kinopoisk.ru/film/8190/	2019-12-17 18:48:56
147	Ледниковый период	8.016	7.5	2002	https://www.kinopoisk.ruhttps://www.kinopoisk.ru/film/707/	2019-12-17 18:48:56
148	Король говорит!	7.977	8.0	2010	https://www.kinopoisk.ruhttps://www.kinopoisk.ru/film/485311/	2019-12-17 18:48:56
149	Головоломка	8.007	8.2	2015	https://www.kinopoisk.ruhttps://www.kinopoisk.ru/film/645118/	2019-12-17 18:48:56
150	Блеф	8.233	7.5	1976	https://www.kinopoisk.ruhttps://www.kinopoisk.ru/film/10179/	2019-12-17 18:48:56
151	Ромео и Джульетта	8.212	7.6	1968	https://www.kinopoisk.ruhttps://www.kinopoisk.ru/film/15204/	2019-12-17 18:48:56
152	Перед классом  (ТВ)	8.074	8.1	2008	https://www.kinopoisk.ruhttps://www.kinopoisk.ru/film/428457/	2019-12-17 18:48:56
153	Золотой теленок	8.192	8.4	1968	https://www.kinopoisk.ruhttps://www.kinopoisk.ru/film/45389/	2019-12-17 18:48:56
154	Планета Ка-Пэкс	8.015	7.4	2001	https://www.kinopoisk.ruhttps://www.kinopoisk.ru/film/723/	2019-12-17 18:48:56
155	Шерлок Холмс	8.071	7.6	2009	https://www.kinopoisk.ruhttps://www.kinopoisk.ru/film/420923/	2019-12-17 18:48:56
156	Амели	7.997	8.3	2001	https://www.kinopoisk.ruhttps://www.kinopoisk.ru/film/341/	2019-12-17 18:48:56
157	Семь самураев	8.153	8.6	1954	https://www.kinopoisk.ruhttps://www.kinopoisk.ru/film/332/	2019-12-17 18:48:56
158	В случае убийства набирайте «М»	8.113	8.2	1954	https://www.kinopoisk.ruhttps://www.kinopoisk.ru/film/9028/	2019-12-17 18:48:56
159	Нюрнбергский процесс	8.12	8.2	1961	https://www.kinopoisk.ruhttps://www.kinopoisk.ru/film/13738/	2019-12-17 18:48:56
160	Бешеные псы	8.116	8.3	1991	https://www.kinopoisk.ruhttps://www.kinopoisk.ru/film/394/	2019-12-17 18:48:56
161	Заплати другому	8.075	7.2	2000	https://www.kinopoisk.ruhttps://www.kinopoisk.ru/film/782/	2019-12-17 18:48:56
162	Вечное сияние чистого разума	8.024	8.3	2004	https://www.kinopoisk.ruhttps://www.kinopoisk.ru/film/5492/	2019-12-17 18:48:56
163	Корпорация монстров	8.073	8.0	2001	https://www.kinopoisk.ruhttps://www.kinopoisk.ru/film/458/	2019-12-17 18:48:56
164	Вам и не снилось...	8.189	7.9	1980	https://www.kinopoisk.ruhttps://www.kinopoisk.ru/film/45660/	2019-12-17 18:48:56
165	Ганди	8.065	8.0	1982	https://www.kinopoisk.ruhttps://www.kinopoisk.ru/film/513/	2019-12-17 18:48:56
166	Воин	8.029	8.2	2011	https://www.kinopoisk.ruhttps://www.kinopoisk.ru/film/442568/	2019-12-17 18:48:56
167	Три билборда на границе Эббинга, Миссури	8.166	8.2	2017	https://www.kinopoisk.ruhttps://www.kinopoisk.ru/film/944098/	2019-12-17 18:48:56
168	Апокалипсис сегодня	8.146	8.4	1979	https://www.kinopoisk.ruhttps://www.kinopoisk.ru/film/354/	2019-12-17 18:48:56
169	Тот самый Мюнхгаузен  (ТВ)	8.276	8.5	1979	https://www.kinopoisk.ruhttps://www.kinopoisk.ru/film/77283/	2019-12-17 18:48:56
170	Отец солдата	8.24	8.7	1964	https://www.kinopoisk.ruhttps://www.kinopoisk.ru/film/44218/	2019-12-17 18:48:56
171	Андрей Рублев	8.169	8.2	1966	https://www.kinopoisk.ruhttps://www.kinopoisk.ru/film/8385/	2019-12-17 18:48:56
172	Белый плен	8.122	7.3	2005	https://www.kinopoisk.ruhttps://www.kinopoisk.ru/film/79204/	2019-12-17 18:48:56
173	Звёздные войны: Эпизод 3 – Месть Ситхов	8.051	7.5	2005	https://www.kinopoisk.ruhttps://www.kinopoisk.ru/film/5619/	2019-12-17 18:48:56
174	Тренер Картер	8.041	7.3	2005	https://www.kinopoisk.ruhttps://www.kinopoisk.ru/film/77531/	2019-12-17 18:48:56
175	Твоё имя	8.31	8.4	2016	https://www.kinopoisk.ruhttps://www.kinopoisk.ru/film/958722/	2019-12-17 18:48:56
176	Человек-слон	8.105	8.1	1980	https://www.kinopoisk.ruhttps://www.kinopoisk.ru/film/464/	2019-12-17 18:48:56
177	Писатели свободы	8.022	7.5	2006	https://www.kinopoisk.ruhttps://www.kinopoisk.ru/film/195226/	2019-12-17 18:48:56
178	Красота по-американски	7.969	8.3	1999	https://www.kinopoisk.ruhttps://www.kinopoisk.ru/film/351/	2019-12-17 18:48:56
179	Мой сосед Тоторо	8.189	8.2	1988	https://www.kinopoisk.ruhttps://www.kinopoisk.ru/film/8221/	2019-12-17 18:48:56
180	Исчезнувшая	7.94	8.1	2014	https://www.kinopoisk.ruhttps://www.kinopoisk.ru/film/692861/	2019-12-17 18:48:56
181	Индиана Джонс и последний крестовый поход	8.065	8.2	1989	https://www.kinopoisk.ruhttps://www.kinopoisk.ru/film/472/	2019-12-17 18:48:56
182	Военный ныряльщик	8.051	7.2	2000	https://www.kinopoisk.ruhttps://www.kinopoisk.ru/film/751/	2019-12-17 18:48:56
183	Схватка	8.034	8.2	1995	https://www.kinopoisk.ruhttps://www.kinopoisk.ru/film/571/	2019-12-17 18:48:56
184	Октябрьское небо	8.026	7.8	1999	https://www.kinopoisk.ruhttps://www.kinopoisk.ru/film/2056/	2019-12-17 18:48:56
185	Принцесса Мононоке	8.152	8.4	1997	https://www.kinopoisk.ruhttps://www.kinopoisk.ru/film/441/	2019-12-17 18:48:56
186	Звёздные войны: Эпизод 6 – Возвращение Джедая	8.15	8.3	1983	https://www.kinopoisk.ruhttps://www.kinopoisk.ru/film/447/	2019-12-17 18:48:56
187	Ип Ман	8.261	8.0	2008	https://www.kinopoisk.ruhttps://www.kinopoisk.ru/film/409507/	2019-12-17 18:48:56
188	Психо	8.086	8.5	1960	https://www.kinopoisk.ruhttps://www.kinopoisk.ru/film/344/	2019-12-17 18:48:56
189	Знахарь	8.159	7.8	1981	https://www.kinopoisk.ruhttps://www.kinopoisk.ru/film/80749/	2019-12-17 18:48:56
190	Звёздочки на земле	8.126	8.4	2007	https://www.kinopoisk.ruhttps://www.kinopoisk.ru/film/280562/	2019-12-17 18:48:56
191	Новый кинотеатр «Парадизо»	7.959	8.5	1988	https://www.kinopoisk.ruhttps://www.kinopoisk.ru/film/424/	2019-12-17 18:48:56
192	Легенда №17	7.972	7.5	2012	https://www.kinopoisk.ruhttps://www.kinopoisk.ru/film/601564/	2019-12-17 18:48:56
193	Шрэк	7.985	7.8	2001	https://www.kinopoisk.ruhttps://www.kinopoisk.ru/film/430/	2019-12-17 18:48:56
194	Иллюзионист	8.012	7.6	2005	https://www.kinopoisk.ruhttps://www.kinopoisk.ru/film/102198/	2019-12-17 18:48:56
195	Последний самурай	8.064	7.7	2003	https://www.kinopoisk.ruhttps://www.kinopoisk.ru/film/6764/	2019-12-17 18:48:56
196	Ирония судьбы, или С легким паром!  (ТВ)	8.207	8.2	1975	https://www.kinopoisk.ruhttps://www.kinopoisk.ru/film/77331/	2019-12-17 18:48:56
197	Берегись автомобиля	8.167	8.2	1966	https://www.kinopoisk.ruhttps://www.kinopoisk.ru/film/46089/	2019-12-17 18:48:56
198	Цирк	8.017	8.2	1928	https://www.kinopoisk.ruhttps://www.kinopoisk.ru/film/2119/	2019-12-17 18:48:56
199	Гарри Поттер и узник Азкабана	8.136	7.9	2004	https://www.kinopoisk.ruhttps://www.kinopoisk.ru/film/322/	2019-12-17 18:48:56
200	Трасса 60	8.015	7.7	2001	https://www.kinopoisk.ruhttps://www.kinopoisk.ru/film/3563/	2019-12-17 18:48:56
201	Брат 2	8.093	7.8	2000	https://www.kinopoisk.ruhttps://www.kinopoisk.ru/film/41520/	2019-12-17 18:48:56
202	Жестокий романс	8.083	8.0	1984	https://www.kinopoisk.ruhttps://www.kinopoisk.ru/film/45314/	2019-12-17 18:48:56
203	Тэмпл Грандин  (ТВ)	7.934	8.3	2010	https://www.kinopoisk.ruhttps://www.kinopoisk.ru/film/424153/	2019-12-17 18:48:56
204	Хоббит: Пустошь Смауга	7.97	7.8	2013	https://www.kinopoisk.ruhttps://www.kinopoisk.ru/film/408876/	2019-12-17 18:48:56
205	Пока не сыграл в ящик	8.049	7.4	2007	https://www.kinopoisk.ruhttps://www.kinopoisk.ru/film/258885/	2019-12-17 18:48:56
206	Загадочная история Бенджамина Баттона	8.044	7.8	2008	https://www.kinopoisk.ruhttps://www.kinopoisk.ru/film/81555/	2019-12-17 18:48:56
207	Хулиганы	8.027	7.5	2005	https://www.kinopoisk.ruhttps://www.kinopoisk.ru/film/77444/	2019-12-17 18:48:56
208	Я – Сэм	8.003	7.6	2001	https://www.kinopoisk.ruhttps://www.kinopoisk.ru/film/706/	2019-12-17 18:48:56
209	Дурак	8.056	8.0	2014	https://www.kinopoisk.ruhttps://www.kinopoisk.ru/film/808639/	2019-12-17 18:48:56
210	Гарри Поттер и философский камень	8.201	7.6	2001	https://www.kinopoisk.ruhttps://www.kinopoisk.ru/film/689/	2019-12-17 18:48:56
211	Подмена	7.936	7.7	2008	https://www.kinopoisk.ruhttps://www.kinopoisk.ru/film/279880/	2019-12-17 18:48:56
212	Апокалипсис	7.96	7.8	2006	https://www.kinopoisk.ruhttps://www.kinopoisk.ru/film/160977/	2019-12-17 18:48:56
213	Гарри Поттер и Дары Смерти: Часть II	8.091	8.1	2011	https://www.kinopoisk.ruhttps://www.kinopoisk.ru/film/407636/	2019-12-17 18:48:56
214	Песнь моря	8.089	8.1	2014	https://www.kinopoisk.ruhttps://www.kinopoisk.ru/film/714248/	2019-12-17 18:48:56
215	Ураган	7.96	7.6	1999	https://www.kinopoisk.ruhttps://www.kinopoisk.ru/film/4914/	2019-12-17 18:48:56
216	Рататуй	7.955	8.0	2007	https://www.kinopoisk.ruhttps://www.kinopoisk.ru/film/89514/	2019-12-17 18:48:56
217	Три идиота	8.059	8.4	2009	https://www.kinopoisk.ruhttps://www.kinopoisk.ru/film/423210/	2019-12-17 18:48:56
218	Медведь	7.993	7.7	1988	https://www.kinopoisk.ruhttps://www.kinopoisk.ru/film/22907/	2019-12-17 18:48:56
219	Крепкий орешек	8.02	8.2	1988	https://www.kinopoisk.ruhttps://www.kinopoisk.ru/film/471/	2019-12-17 18:48:56
220	Убить пересмешника	8.037	8.3	1962	https://www.kinopoisk.ruhttps://www.kinopoisk.ru/film/357/	2019-12-17 18:48:56
221	Золотая лихорадка	8.058	8.2	1925	https://www.kinopoisk.ruhttps://www.kinopoisk.ru/film/478/	2019-12-17 18:48:56
222	Клаус	8.532	8.4	2019	https://www.kinopoisk.ruhttps://www.kinopoisk.ru/film/957887/	2019-12-17 18:48:56
223	Столкновение	7.887	7.8	2004	https://www.kinopoisk.ruhttps://www.kinopoisk.ru/film/61297/	2019-12-17 18:48:56
224	Завтра была война	8.033	7.8	1987	https://www.kinopoisk.ruhttps://www.kinopoisk.ru/film/45244/	2019-12-17 18:48:56
225	Крупная рыба	7.95	8.0	2003	https://www.kinopoisk.ruhttps://www.kinopoisk.ru/film/9617/	2019-12-17 18:48:56
226	Аватар	7.94	7.8	2009	https://www.kinopoisk.ruhttps://www.kinopoisk.ru/film/251733/	2019-12-17 18:48:56
227	Знакомьтесь, Джо Блэк	8.031	7.2	1998	https://www.kinopoisk.ruhttps://www.kinopoisk.ru/film/5059/	2019-12-17 18:48:56
228	Звёздные войны: Эпизод 5 – Империя наносит ответный удар	8.127	8.7	1980	https://www.kinopoisk.ruhttps://www.kinopoisk.ru/film/338/	2019-12-17 18:48:56
229	Рапунцель: Запутанная история	7.94	7.7	2010	https://www.kinopoisk.ruhttps://www.kinopoisk.ru/film/84049/	2019-12-17 18:48:56
230	Билли Эллиот	7.917	7.7	2000	https://www.kinopoisk.ruhttps://www.kinopoisk.ru/film/610/	2019-12-17 18:48:56
231	Вверх	7.984	8.2	2009	https://www.kinopoisk.ruhttps://www.kinopoisk.ru/film/325381/	2019-12-17 18:48:56
232	Старший сын  (ТВ)	8.174	8.0	1975	https://www.kinopoisk.ruhttps://www.kinopoisk.ru/film/43982/	2019-12-17 18:48:56
233	Мулан	8.064	7.6	1998	https://www.kinopoisk.ruhttps://www.kinopoisk.ru/film/5277/	2019-12-17 18:48:56
234	Поющие под дождем	8.051	8.3	1952	https://www.kinopoisk.ruhttps://www.kinopoisk.ru/film/368/	2019-12-17 18:48:56
235	Жизнь Пи	7.821	7.9	2012	https://www.kinopoisk.ruhttps://www.kinopoisk.ru/film/158786/	2019-12-17 18:48:56
236	Мандарины	8.066	8.2	2013	https://www.kinopoisk.ruhttps://www.kinopoisk.ru/film/772017/	2019-12-17 18:48:56
237	Аты-баты, шли солдаты...	8.106	7.8	1976	https://www.kinopoisk.ruhttps://www.kinopoisk.ru/film/43553/	2019-12-17 18:48:56
238	Русалочка	8.209	7.6	1989	https://www.kinopoisk.ruhttps://www.kinopoisk.ru/film/8147/	2019-12-17 18:48:56
239	Гаттака	7.948	7.8	1997	https://www.kinopoisk.ruhttps://www.kinopoisk.ru/film/5012/	2019-12-17 18:48:56
240	Реквием по мечте	7.982	8.3	2000	https://www.kinopoisk.ruhttps://www.kinopoisk.ru/film/367/	2019-12-17 18:48:56
241	Догвилль	7.932	8.0	2003	https://www.kinopoisk.ruhttps://www.kinopoisk.ru/film/7226/	2019-12-17 18:48:56
242	Крамер против Крамера	7.988	7.8	1979	https://www.kinopoisk.ruhttps://www.kinopoisk.ru/film/1902/	2019-12-17 18:48:56
243	Мужики!..	8.088	7.6	1981	https://www.kinopoisk.ruhttps://www.kinopoisk.ru/film/46745/	2019-12-17 18:48:56
244	История игрушек: Большой побег	7.804	8.3	2010	https://www.kinopoisk.ruhttps://www.kinopoisk.ru/film/258328/	2019-12-17 18:48:56
245	Леди и бродяга	8.169	7.3	1955	https://www.kinopoisk.ruhttps://www.kinopoisk.ru/film/8227/	2019-12-17 18:48:56
246	Холодное лето пятьдесят третьего...	8.05	7.9	1987	https://www.kinopoisk.ruhttps://www.kinopoisk.ru/film/7660/	2019-12-17 18:48:56
247	Пираты Карибского моря: На краю Света	8.008	7.1	2007	https://www.kinopoisk.ruhttps://www.kinopoisk.ru/film/102124/	2019-12-17 18:48:56
248	Профессионал	8.114	7.6	1981	https://www.kinopoisk.ruhttps://www.kinopoisk.ru/film/39259/	2019-12-17 18:48:56
249	Иди и смотри	8.075	8.3	1985	https://www.kinopoisk.ruhttps://www.kinopoisk.ru/film/42571/	2019-12-17 18:48:56
250	Иваново детство	8.045	8.1	1962	https://www.kinopoisk.ruhttps://www.kinopoisk.ru/film/42667/	2019-12-17 18:48:56
251	Секреты Лос-Анджелеса	7.929	8.2	1997	https://www.kinopoisk.ruhttps://www.kinopoisk.ru/film/363/	2019-12-17 18:48:56
252	Девочка, покорившая время	7.963	7.8	2006	https://www.kinopoisk.ruhttps://www.kinopoisk.ru/film/273209/	2019-12-17 18:48:56
253	Человек с бульвара Капуцинов	8.014	7.8	1987	https://www.kinopoisk.ruhttps://www.kinopoisk.ru/film/45463/	2019-12-17 18:48:56
254	Лис и пёс	8.175	7.3	1981	https://www.kinopoisk.ruhttps://www.kinopoisk.ru/film/16117/	2019-12-17 18:48:56
255	Максим Перепелица	8.134	7.7	1955	https://www.kinopoisk.ruhttps://www.kinopoisk.ru/film/46512/	2019-12-17 18:48:56
256	Весна, лето, осень, зима... и снова весна	7.911	8.0	2003	https://www.kinopoisk.ruhttps://www.kinopoisk.ru/film/47814/	2019-12-17 18:48:56
257	Окно во двор	8.034	8.4	1954	https://www.kinopoisk.ruhttps://www.kinopoisk.ru/film/337/	2019-12-17 18:48:56
258	Стальной гигант	8.069	8.0	1999	https://www.kinopoisk.ruhttps://www.kinopoisk.ru/film/538/	2019-12-17 18:48:56
259	Люди в черном	7.967	7.3	1997	https://www.kinopoisk.ruhttps://www.kinopoisk.ru/film/1091/	2019-12-17 18:48:56
260	Троя	8.022	7.2	2004	https://www.kinopoisk.ruhttps://www.kinopoisk.ru/film/3442/	2019-12-17 18:48:56
261	Заложница	7.913	7.8	2007	https://www.kinopoisk.ruhttps://www.kinopoisk.ru/film/276376/	2019-12-17 18:48:56
262	Смех и горе у Бела моря	8.101	7.7	1988	https://www.kinopoisk.ruhttps://www.kinopoisk.ru/film/279828/	2019-12-17 18:48:56
263	Грань будущего	7.939	7.9	2014	https://www.kinopoisk.ruhttps://www.kinopoisk.ru/film/505851/	2019-12-17 18:48:56
264	Республика ШКИД	8.175	7.9	1966	https://www.kinopoisk.ruhttps://www.kinopoisk.ru/film/42088/	2019-12-17 18:48:56
265	Взвод	8.009	8.1	1986	https://www.kinopoisk.ruhttps://www.kinopoisk.ru/film/468/	2019-12-17 18:48:56
266	Ночи Кабирии	8.021	8.1	1957	https://www.kinopoisk.ruhttps://www.kinopoisk.ru/film/63929/	2019-12-17 18:48:56
267	Восхождение	8.028	8.3	1976	https://www.kinopoisk.ruhttps://www.kinopoisk.ru/film/7765/	2019-12-17 18:48:56
268	Обыкновенное чудо  (ТВ)	8.209	8.3	1978	https://www.kinopoisk.ruhttps://www.kinopoisk.ru/film/77282/	2019-12-17 18:48:56
269	Земля до начала времен	8.019	7.4	1988	https://www.kinopoisk.ruhttps://www.kinopoisk.ru/film/7107/	2019-12-17 18:48:56
270	Совершенный мир	7.962	7.6	1993	https://www.kinopoisk.ruhttps://www.kinopoisk.ru/film/8178/	2019-12-17 18:48:56
271	Проверка на дорогах	7.979	7.9	1971	https://www.kinopoisk.ruhttps://www.kinopoisk.ru/film/43332/	2019-12-17 18:48:56
272	Сука-любовь	7.915	8.1	2000	https://www.kinopoisk.ruhttps://www.kinopoisk.ru/film/488/	2019-12-17 18:48:56
273	Ла-Ла Ленд	7.891	8.0	2016	https://www.kinopoisk.ruhttps://www.kinopoisk.ru/film/841081/	2019-12-17 18:48:56
274	Курьер	8.038	8.0	1986	https://www.kinopoisk.ruhttps://www.kinopoisk.ru/film/45028/	2019-12-17 18:48:56
275	Гангстер	7.936	7.8	2007	https://www.kinopoisk.ruhttps://www.kinopoisk.ru/film/252156/	2019-12-17 18:48:56
276	Не может быть!	8.126	7.7	1975	https://www.kinopoisk.ruhttps://www.kinopoisk.ru/film/46368/	2019-12-17 18:48:56
277	Навсикая из долины ветров	8.112	8.1	1984	https://www.kinopoisk.ruhttps://www.kinopoisk.ru/film/8240/	2019-12-17 18:48:56
278	Небесный замок Лапута	8.243	8.0	1986	https://www.kinopoisk.ruhttps://www.kinopoisk.ru/film/1846/	2019-12-17 18:48:56
279	Тропы славы	8.08	8.4	1957	https://www.kinopoisk.ruhttps://www.kinopoisk.ru/film/360/	2019-12-17 18:48:56
280	В диких условиях	7.924	8.1	2007	https://www.kinopoisk.ruhttps://www.kinopoisk.ru/film/252626/	2019-12-17 18:48:56
281	Формула любви  (ТВ)	8.166	8.1	1984	https://www.kinopoisk.ruhttps://www.kinopoisk.ru/film/81432/	2019-12-17 18:48:56
282	Бронкская история	7.987	7.8	1993	https://www.kinopoisk.ruhttps://www.kinopoisk.ru/film/7466/	2019-12-17 18:48:56
283	Август Раш	7.976	7.5	2007	https://www.kinopoisk.ruhttps://www.kinopoisk.ru/film/86566/	2019-12-17 18:48:56
284	Доживем до понедельника	8.09	8.0	1968	https://www.kinopoisk.ruhttps://www.kinopoisk.ru/film/44299/	2019-12-17 18:48:56
285	Великий диктатор	8.068	8.5	1940	https://www.kinopoisk.ruhttps://www.kinopoisk.ru/film/431/	2019-12-17 18:48:56
286	Бен-Гур	8.072	8.1	1959	https://www.kinopoisk.ruhttps://www.kinopoisk.ru/film/436/	2019-12-17 18:48:56
287	Харакири	8.1	8.7	1962	https://www.kinopoisk.ruhttps://www.kinopoisk.ru/film/103148/	2019-12-17 18:48:56
288	Покровские ворота  (ТВ)	8.205	8.1	1982	https://www.kinopoisk.ruhttps://www.kinopoisk.ru/film/77203/	2019-12-17 18:48:56
289	Весна на Заречной улице	7.911	7.6	1956	https://www.kinopoisk.ruhttps://www.kinopoisk.ru/film/45748/	2019-12-17 18:48:56
290	Звёздные войны: Эпизод 4 – Новая надежда	8.108	8.6	1977	https://www.kinopoisk.ruhttps://www.kinopoisk.ru/film/333/	2019-12-17 18:48:56
291	Кокаин	7.98	7.6	2001	https://www.kinopoisk.ruhttps://www.kinopoisk.ru/film/616/	2019-12-17 18:48:56
292	Квартира	8.02	8.3	1960	https://www.kinopoisk.ruhttps://www.kinopoisk.ru/film/404/	2019-12-17 18:48:56
293	Путь Карлито	7.964	7.9	1993	https://www.kinopoisk.ruhttps://www.kinopoisk.ru/film/4275/	2019-12-17 18:48:56
294	Касабланка	8.023	8.5	1942	https://www.kinopoisk.ruhttps://www.kinopoisk.ru/film/330/	2019-12-17 18:48:56
295	Стена	8.109	8.1	1982	https://www.kinopoisk.ruhttps://www.kinopoisk.ru/film/23712/	2019-12-17 18:48:56
296	Однажды на Диком Западе	8.035	8.5	1968	https://www.kinopoisk.ruhttps://www.kinopoisk.ru/film/376/	2019-12-17 18:48:56
297	Чужие	8.04	8.4	1986	https://www.kinopoisk.ruhttps://www.kinopoisk.ru/film/406/	2019-12-17 18:48:56
298	Десять негритят	8.14	7.9	1987	https://www.kinopoisk.ruhttps://www.kinopoisk.ru/film/44156/	2019-12-17 18:48:56
299	По соображениям совести	7.929	8.1	2016	https://www.kinopoisk.ruhttps://www.kinopoisk.ru/film/649917/	2019-12-17 18:48:56
300	Гараж	8.017	8.1	1979	https://www.kinopoisk.ruhttps://www.kinopoisk.ru/film/44467/	2019-12-17 18:48:56
301	Сталкер	8.084	8.2	1979	https://www.kinopoisk.ruhttps://www.kinopoisk.ru/film/43970/	2019-12-17 18:48:56
302	История Хатико	8.131	8.1	1987	https://www.kinopoisk.ruhttps://www.kinopoisk.ru/film/38145/	2019-12-17 18:48:56
303	Босиком по мостовой	7.923	7.2	2005	https://www.kinopoisk.ruhttps://www.kinopoisk.ru/film/81584/	2019-12-17 18:48:56
304	Доктор Стрейнджлав, или Как я научился не волноваться и полюбил атомную бомбу	8.062	8.4	1963	https://www.kinopoisk.ruhttps://www.kinopoisk.ru/film/334/	2019-12-17 18:48:56
305	Цельнометаллическая оболочка	8.008	8.3	1987	https://www.kinopoisk.ruhttps://www.kinopoisk.ru/film/418/	2019-12-17 18:48:56
306	Мачеха	8.013	6.8	1998	https://www.kinopoisk.ruhttps://www.kinopoisk.ru/film/1949/	2019-12-17 18:48:56
307	Мосты округа Мэдисон	7.977	7.6	1995	https://www.kinopoisk.ruhttps://www.kinopoisk.ru/film/1886/	2019-12-17 18:48:56
308	Бумажная луна	8.068	8.1	1973	https://www.kinopoisk.ruhttps://www.kinopoisk.ru/film/5033/	2019-12-17 18:48:56
309	Земляничная поляна	8.011	8.2	1957	https://www.kinopoisk.ruhttps://www.kinopoisk.ru/film/508/	2019-12-17 18:48:56
310	Черная кошка, белый кот	7.973	8.1	1998	https://www.kinopoisk.ruhttps://www.kinopoisk.ru/film/38198/	2019-12-17 18:48:56
311	Чаплин	7.963	7.6	1992	https://www.kinopoisk.ruhttps://www.kinopoisk.ru/film/2058/	2019-12-17 18:48:56
312	Сансет бульвар	7.996	8.4	1950	https://www.kinopoisk.ruhttps://www.kinopoisk.ru/film/353/	2019-12-17 18:48:56
313	Гамлет	8.045	8.3	1964	https://www.kinopoisk.ruhttps://www.kinopoisk.ru/film/44457/	2019-12-17 18:48:56
314	Освобождение: Последний штурм	8.183	7.3	1971	https://www.kinopoisk.ruhttps://www.kinopoisk.ru/film/392541/	2019-12-17 18:48:56
315	Другие	7.937	7.6	2001	https://www.kinopoisk.ruhttps://www.kinopoisk.ru/film/494/	2019-12-17 18:48:56
316	Чтец	7.934	7.6	2008	https://www.kinopoisk.ruhttps://www.kinopoisk.ru/film/325439/	2019-12-17 18:48:56
317	По семейным обстоятельствам  (ТВ)	8.162	7.7	1978	https://www.kinopoisk.ruhttps://www.kinopoisk.ru/film/43007/	2019-12-17 18:48:56
318	Охота	7.905	8.3	2012	https://www.kinopoisk.ruhttps://www.kinopoisk.ru/film/647671/	2019-12-17 18:48:56
319	Паразиты	8.076	8.6	2019	https://www.kinopoisk.ruhttps://www.kinopoisk.ru/film/1043758/	2019-12-17 18:48:56
320	Освобождение: Битва за Берлин	8.184	7.1	1971	https://www.kinopoisk.ruhttps://www.kinopoisk.ru/film/392540/	2019-12-17 18:48:56
321	Маска	7.974	6.9	1994	https://www.kinopoisk.ruhttps://www.kinopoisk.ru/film/6039/	2019-12-17 18:48:56
322	Однажды двадцать лет спустя	8.011	7.3	1980	https://www.kinopoisk.ruhttps://www.kinopoisk.ru/film/25082/	2019-12-17 18:48:56
323	Сонная Лощина	7.949	7.3	1999	https://www.kinopoisk.ruhttps://www.kinopoisk.ru/film/5622/	2019-12-17 18:48:56
324	Анастасия	8.077	7.1	1997	https://www.kinopoisk.ruhttps://www.kinopoisk.ru/film/2513/	2019-12-17 18:48:56
325	Реальная любовь	7.912	7.6	2003	https://www.kinopoisk.ruhttps://www.kinopoisk.ru/film/6144/	2019-12-17 18:48:56
326	Чужой	8.062	8.4	1979	https://www.kinopoisk.ruhttps://www.kinopoisk.ru/film/386/	2019-12-17 18:48:56
327	Отель «Руанда»	7.847	8.1	2004	https://www.kinopoisk.ruhttps://www.kinopoisk.ru/film/77859/	2019-12-17 18:48:56
328	Тайна третьей планеты	8.017	8.0	1981	https://www.kinopoisk.ruhttps://www.kinopoisk.ru/film/42172/	2019-12-17 18:48:56
329	Подкидыш	8.081	7.7	1939	https://www.kinopoisk.ruhttps://www.kinopoisk.ru/film/43044/	2019-12-17 18:48:56
330	Подводная лодка	8.047	8.3	1981	https://www.kinopoisk.ruhttps://www.kinopoisk.ru/film/362/	2019-12-17 18:48:56
331	Седьмая печать	8.073	8.2	1957	https://www.kinopoisk.ruhttps://www.kinopoisk.ru/film/425/	2019-12-17 18:48:56
332	Невероятные приключения итальянцев в России	8.051	7.7	1973	https://www.kinopoisk.ruhttps://www.kinopoisk.ru/film/46421/	2019-12-17 18:48:56
333	Разрисованная вуаль	7.915	7.5	2006	https://www.kinopoisk.ruhttps://www.kinopoisk.ru/film/102201/	2019-12-17 18:48:56
334	Легенды осени	7.988	7.5	1994	https://www.kinopoisk.ruhttps://www.kinopoisk.ru/film/8827/	2019-12-17 18:48:56
335	Три тополя на Плющихе	8.108	7.8	1968	https://www.kinopoisk.ruhttps://www.kinopoisk.ru/film/42308/	2019-12-17 18:48:56
336	Дети Дон-Кихота	8.191	7.5	1966	https://www.kinopoisk.ruhttps://www.kinopoisk.ru/film/44159/	2019-12-17 18:48:56
337	Мотылек	8.019	8.0	1973	https://www.kinopoisk.ruhttps://www.kinopoisk.ru/film/4525/	2019-12-17 18:48:56
338	Метрополис	8.045	8.3	1927	https://www.kinopoisk.ruhttps://www.kinopoisk.ru/film/417/	2019-12-17 18:48:56
339	Шерлок Холмс и доктор Ватсон: Двадцатый век начинается  (ТВ)	8.182	8.0	1987	https://www.kinopoisk.ruhttps://www.kinopoisk.ru/film/77267/	2019-12-17 18:48:56
340	Мэри и Макс	7.866	8.1	2009	https://www.kinopoisk.ruhttps://www.kinopoisk.ru/film/378246/	2019-12-17 18:48:56
341	38-я параллель	7.925	8.1	2004	https://www.kinopoisk.ruhttps://www.kinopoisk.ru/film/80221/	2019-12-17 18:48:56
342	Завтрак у Тиффани	8.096	7.7	1961	https://www.kinopoisk.ruhttps://www.kinopoisk.ru/film/17721/	2019-12-17 18:48:56
343	Мимино	8.064	8.2	1977	https://www.kinopoisk.ruhttps://www.kinopoisk.ru/film/46638/	2019-12-17 18:48:56
344	Белые росы	8.203	7.6	1984	https://www.kinopoisk.ruhttps://www.kinopoisk.ru/film/46080/	2019-12-17 18:48:56
345	Огни рампы	8.068	8.1	1952	https://www.kinopoisk.ruhttps://www.kinopoisk.ru/film/2113/	2019-12-17 18:48:56
346	Отпетые мошенники	7.985	7.4	1988	https://www.kinopoisk.ruhttps://www.kinopoisk.ru/film/9208/	2019-12-17 18:48:56
347	Великан	7.938	7.3	1998	https://www.kinopoisk.ruhttps://www.kinopoisk.ru/film/4384/	2019-12-17 18:48:56
348	Служили два товарища	8.163	8.0	1968	https://www.kinopoisk.ruhttps://www.kinopoisk.ru/film/43870/	2019-12-17 18:48:56
349	Калина красная	8.064	7.8	1973	https://www.kinopoisk.ruhttps://www.kinopoisk.ru/film/44691/	2019-12-17 18:48:56
350	Четыреста ударов	8.097	8.1	1959	https://www.kinopoisk.ruhttps://www.kinopoisk.ru/film/510/	2019-12-17 18:48:56
351	Гнев	7.907	7.7	2004	https://www.kinopoisk.ruhttps://www.kinopoisk.ru/film/6889/	2019-12-17 18:48:56
352	Расёмон	8.017	8.2	1950	https://www.kinopoisk.ruhttps://www.kinopoisk.ru/film/388/	2019-12-17 18:48:56
353	Ко мне, Мухтар!	8.077	7.7	1964	https://www.kinopoisk.ruhttps://www.kinopoisk.ru/film/44835/	2019-12-17 18:48:56
354	Персона	8.084	8.1	1966	https://www.kinopoisk.ruhttps://www.kinopoisk.ru/film/79506/	2019-12-17 18:48:56
355	Мне двадцать лет	8.107	7.8	1964	https://www.kinopoisk.ruhttps://www.kinopoisk.ru/film/46660/	2019-12-17 18:48:56
356	5 сантиметров в секунду	7.918	7.6	2007	https://www.kinopoisk.ruhttps://www.kinopoisk.ru/film/280961/	2019-12-17 18:48:56
357	Безумно влюбленный	8.115	7.0	1981	https://www.kinopoisk.ruhttps://www.kinopoisk.ru/film/147969/	2019-12-17 18:48:56
358	Жизнь в розовом цвете	7.901	7.6	2007	https://www.kinopoisk.ruhttps://www.kinopoisk.ru/film/197134/	2019-12-17 18:48:56
359	Вспоминая Титанов	7.956	7.8	2000	https://www.kinopoisk.ruhttps://www.kinopoisk.ru/film/799/	2019-12-17 18:48:56
360	Деловые люди	8.159	7.7	1963	https://www.kinopoisk.ruhttps://www.kinopoisk.ru/film/44128/	2019-12-17 18:48:56
361	Дорога	8.034	8.0	1954	https://www.kinopoisk.ruhttps://www.kinopoisk.ru/film/531/	2019-12-17 18:48:56
362	Плата за страх	8.046	8.1	1952	https://www.kinopoisk.ruhttps://www.kinopoisk.ru/film/7727/	2019-12-17 18:48:56
363	Законопослушный гражданин	8.007	7.4	2009	https://www.kinopoisk.ruhttps://www.kinopoisk.ru/film/406408/	2019-12-17 18:48:56
364	Отель «Гранд Будапешт»	7.869	8.1	2014	https://www.kinopoisk.ruhttps://www.kinopoisk.ru/film/683999/	2019-12-17 18:48:56
365	Спирит: Душа прерий	8.089	7.1	2002	https://www.kinopoisk.ruhttps://www.kinopoisk.ru/film/839/	2019-12-17 18:48:56
366	Мадагаскар	7.892	6.9	2005	https://www.kinopoisk.ruhttps://www.kinopoisk.ru/film/6006/	2019-12-17 18:48:56
367	Двухсотлетний человек	7.985	6.9	1999	https://www.kinopoisk.ruhttps://www.kinopoisk.ru/film/7640/	2019-12-17 18:48:56
368	Герой	7.905	7.9	2002	https://www.kinopoisk.ruhttps://www.kinopoisk.ru/film/889/	2019-12-17 18:48:56
369	Двенадцать месяцев	8.022	7.5	1956	https://www.kinopoisk.ruhttps://www.kinopoisk.ru/film/46788/	2019-12-17 18:48:56
370	Ва-банк	8.01	7.9	1981	https://www.kinopoisk.ruhttps://www.kinopoisk.ru/film/32371/	2019-12-17 18:48:56
371	Невидимые дети	7.853	7.5	2005	https://www.kinopoisk.ruhttps://www.kinopoisk.ru/film/81542/	2019-12-17 18:48:56
372	Андеграунд	7.922	8.1	1995	https://www.kinopoisk.ruhttps://www.kinopoisk.ru/film/7698/	2019-12-17 18:48:56
373	Мстители: Война бесконечности	7.868	8.5	2018	https://www.kinopoisk.ruhttps://www.kinopoisk.ru/film/843649/	2019-12-17 18:48:56
374	Клуб «Завтрак»	8.025	7.9	1985	https://www.kinopoisk.ruhttps://www.kinopoisk.ru/film/21844/	2019-12-17 18:48:56
375	Спасатель	7.96	6.9	2006	https://www.kinopoisk.ruhttps://www.kinopoisk.ru/film/104921/	2019-12-17 18:48:56
376	Осенняя соната	7.974	8.3	1978	https://www.kinopoisk.ruhttps://www.kinopoisk.ru/film/924/	2019-12-17 18:48:56
377	Лучшее предложение	7.96	7.8	2012	https://www.kinopoisk.ruhttps://www.kinopoisk.ru/film/681849/	2019-12-17 18:48:56
378	Шёпот сердца	8.286	8.0	1995	https://www.kinopoisk.ruhttps://www.kinopoisk.ru/film/32714/	2019-12-17 18:48:56
379	Скала	7.942	7.4	1996	https://www.kinopoisk.ruhttps://www.kinopoisk.ru/film/2333/	2019-12-17 18:48:56
380	Рок-волна	7.881	7.4	2009	https://www.kinopoisk.ruhttps://www.kinopoisk.ru/film/416824/	2019-12-17 18:48:56
381	Кошмар перед Рождеством	8.045	8.0	1993	https://www.kinopoisk.ruhttps://www.kinopoisk.ru/film/8222/	2019-12-17 18:48:56
382	Искупление	7.983	7.8	2007	https://www.kinopoisk.ruhttps://www.kinopoisk.ru/film/255611/	2019-12-17 18:48:56
383	Бэмби	8.073	7.3	1942	https://www.kinopoisk.ruhttps://www.kinopoisk.ru/film/8154/	2019-12-17 18:48:56
384	Всё о Еве	8.009	8.2	1950	https://www.kinopoisk.ruhttps://www.kinopoisk.ru/film/372/	2019-12-17 18:48:56
385	Сережа	8.136	7.8	1960	https://www.kinopoisk.ruhttps://www.kinopoisk.ru/film/43700/	2019-12-17 18:48:56
386	Святые из Бундока	7.947	7.8	1999	https://www.kinopoisk.ruhttps://www.kinopoisk.ru/film/4917/	2019-12-17 18:48:56
387	Мэверик	8.095	7.0	1994	https://www.kinopoisk.ruhttps://www.kinopoisk.ru/film/4378/	2019-12-17 18:48:56
388	Индиана Джонс: В поисках утраченного ковчега	7.997	8.4	1981	https://www.kinopoisk.ruhttps://www.kinopoisk.ru/film/339/	2019-12-17 18:48:56
389	Крестный отец 3	7.948	7.6	1990	https://www.kinopoisk.ruhttps://www.kinopoisk.ru/film/4500/	2019-12-17 18:48:56
390	Искусственный разум	7.917	7.2	2001	https://www.kinopoisk.ruhttps://www.kinopoisk.ru/film/594/	2019-12-17 18:48:56
391	Эдвард руки-ножницы	7.993	7.9	1990	https://www.kinopoisk.ruhttps://www.kinopoisk.ru/film/8421/	2019-12-17 18:48:56
392	Мемуары гейши	7.965	7.4	2005	https://www.kinopoisk.ruhttps://www.kinopoisk.ru/film/77132/	2019-12-17 18:48:56
393	Брестская крепость	7.958	7.5	2010	https://www.kinopoisk.ruhttps://www.kinopoisk.ru/film/436263/	2019-12-17 18:48:56
394	Танцующая в темноте	7.943	8.0	2000	https://www.kinopoisk.ruhttps://www.kinopoisk.ru/film/646/	2019-12-17 18:48:56
395	Двойная страховка	7.978	8.3	1944	https://www.kinopoisk.ruhttps://www.kinopoisk.ru/film/364/	2019-12-17 18:48:56
396	Время цыган	7.941	8.3	1988	https://www.kinopoisk.ruhttps://www.kinopoisk.ru/film/63782/	2019-12-17 18:48:56
397	Моя прекрасная леди	8.06	7.8	1964	https://www.kinopoisk.ruhttps://www.kinopoisk.ru/film/7666/	2019-12-17 18:48:56
398	Освобождение: Прорыв	8.179	7.2	1969	https://www.kinopoisk.ruhttps://www.kinopoisk.ru/film/392539/	2019-12-17 18:48:56
399	Белое солнце пустыни	8.03	7.9	1969	https://www.kinopoisk.ruhttps://www.kinopoisk.ru/film/46066/	2019-12-17 18:48:56
400	Возвращение	7.852	8.0	2003	https://www.kinopoisk.ruhttps://www.kinopoisk.ru/film/47040/	2019-12-17 18:48:56
401	Интервью с вампиром	7.96	7.6	1994	https://www.kinopoisk.ruhttps://www.kinopoisk.ru/film/8151/	2019-12-17 18:48:57
402	Остров	7.89	7.9	2006	https://www.kinopoisk.ruhttps://www.kinopoisk.ru/film/257337/	2019-12-17 18:48:57
403	Богемская рапсодия	7.959	8.0	2018	https://www.kinopoisk.ruhttps://www.kinopoisk.ru/film/568289/	2019-12-17 18:48:57
404	На игле	7.939	8.1	1995	https://www.kinopoisk.ruhttps://www.kinopoisk.ru/film/515/	2019-12-17 18:48:57
405	Патриот	7.914	7.2	2000	https://www.kinopoisk.ruhttps://www.kinopoisk.ru/film/781/	2019-12-17 18:48:57
406	Робин Гуд	8.072	7.6	1973	https://www.kinopoisk.ruhttps://www.kinopoisk.ru/film/17579/	2019-12-17 18:48:57
407	Беглец	7.888	7.8	1993	https://www.kinopoisk.ruhttps://www.kinopoisk.ru/film/3915/	2019-12-17 18:48:57
408	Дом, в котором я живу	8.056	7.6	1957	https://www.kinopoisk.ruhttps://www.kinopoisk.ru/film/44270/	2019-12-17 18:48:57
409	Смертельное оружие	7.968	7.6	1987	https://www.kinopoisk.ruhttps://www.kinopoisk.ru/film/15061/	2019-12-17 18:48:57
410	Большая прогулка	8.096	8.0	1966	https://www.kinopoisk.ruhttps://www.kinopoisk.ru/film/61815/	2019-12-17 18:48:57
411	Цветок пустыни	7.957	7.4	2009	https://www.kinopoisk.ruhttps://www.kinopoisk.ru/film/470769/	2019-12-17 18:48:57
412	Освобождение: Огненная дуга	8.176	7.2	1968	https://www.kinopoisk.ruhttps://www.kinopoisk.ru/film/94296/	2019-12-17 18:48:57
413	История игрушек	7.894	8.3	1995	https://www.kinopoisk.ruhttps://www.kinopoisk.ru/film/482/	2019-12-17 18:48:57
414	М убийца	7.947	8.3	1931	https://www.kinopoisk.ruhttps://www.kinopoisk.ru/film/373/	2019-12-17 18:48:57
415	Как приручить дракона 2	7.921	7.8	2014	https://www.kinopoisk.ruhttps://www.kinopoisk.ru/film/512883/	2019-12-17 18:48:57
416	Одержимость	7.856	7.0	2004	https://www.kinopoisk.ruhttps://www.kinopoisk.ru/film/23737/	2019-12-17 18:48:57
417	Грязные танцы	8.049	7.0	1987	https://www.kinopoisk.ruhttps://www.kinopoisk.ru/film/1996/	2019-12-17 18:48:57
418	Охотник на оленей	7.953	8.1	1978	https://www.kinopoisk.ruhttps://www.kinopoisk.ru/film/428/	2019-12-17 18:48:57
419	Рокко и его братья	8.052	8.3	1960	https://www.kinopoisk.ruhttps://www.kinopoisk.ru/film/13540/	2019-12-17 18:48:57
420	Бесславные ублюдки	7.884	8.3	2009	https://www.kinopoisk.ruhttps://www.kinopoisk.ru/film/9691/	2019-12-17 18:48:57
421	Такси	7.891	7.0	1998	https://www.kinopoisk.ruhttps://www.kinopoisk.ru/film/14349/	2019-12-17 18:48:57
422	Ребекка	7.961	8.1	1940	https://www.kinopoisk.ruhttps://www.kinopoisk.ru/film/426/	2019-12-17 18:48:57
423	Отверженные	7.901	7.6	2012	https://www.kinopoisk.ruhttps://www.kinopoisk.ru/film/566055/	2019-12-17 18:48:57
424	Фрида	7.911	7.4	2002	https://www.kinopoisk.ruhttps://www.kinopoisk.ru/film/676/	2019-12-17 18:48:57
425	Я шагаю по Москве	7.997	7.9	1963	https://www.kinopoisk.ruhttps://www.kinopoisk.ru/film/42398/	2019-12-17 18:48:57
426	Игра по чужим правилам	7.866	7.2	2006	https://www.kinopoisk.ruhttps://www.kinopoisk.ru/film/77423/	2019-12-17 18:48:57
427	Джон Ф. Кеннеди: Выстрелы в Далласе	7.873	8.0	1991	https://www.kinopoisk.ruhttps://www.kinopoisk.ru/film/1107/	2019-12-17 18:48:57
428	Белорусский вокзал	8.064	7.9	1971	https://www.kinopoisk.ruhttps://www.kinopoisk.ru/film/46063/	2019-12-17 18:48:57
429	Мост Ватерлоо	8.043	7.8	1940	https://www.kinopoisk.ruhttps://www.kinopoisk.ru/film/16759/	2019-12-17 18:48:57
430	Война и мир	8.077	8.3	1965	https://www.kinopoisk.ruhttps://www.kinopoisk.ru/film/38898/	2019-12-17 18:48:57
431	Город грехов	7.849	8.0	2005	https://www.kinopoisk.ruhttps://www.kinopoisk.ru/film/77443/	2019-12-17 18:48:57
432	Помни	7.869	8.4	2000	https://www.kinopoisk.ruhttps://www.kinopoisk.ru/film/335/	2019-12-17 18:48:57
433	Девушка на мосту	7.863	7.6	1999	https://www.kinopoisk.ruhttps://www.kinopoisk.ru/film/47397/	2019-12-17 18:48:57
434	Освобождение: Направление главного удара	8.115	7.7	1970	https://www.kinopoisk.ruhttps://www.kinopoisk.ru/film/46318/	2019-12-17 18:48:57
435	Город героев	7.926	7.8	2014	https://www.kinopoisk.ruhttps://www.kinopoisk.ru/film/693126/	2019-12-17 18:48:57
436	Олдбой	8.099	8.4	2003	https://www.kinopoisk.ruhttps://www.kinopoisk.ru/film/75871/	2019-12-17 18:48:57
437	Таинственная река	7.796	7.9	2003	https://www.kinopoisk.ruhttps://www.kinopoisk.ru/film/3730/	2019-12-17 18:48:57
438	Осенний марафон	7.999	7.9	1979	https://www.kinopoisk.ruhttps://www.kinopoisk.ru/film/42799/	2019-12-17 18:48:57
439	Великий Гэтсби	7.939	7.3	2013	https://www.kinopoisk.ruhttps://www.kinopoisk.ru/film/463724/	2019-12-17 18:48:57
440	На войне как на войне	8.223	7.9	1968	https://www.kinopoisk.ruhttps://www.kinopoisk.ru/film/46285/	2019-12-17 18:48:57
441	Жить	8.136	8.3	1952	https://www.kinopoisk.ruhttps://www.kinopoisk.ru/film/64131/	2019-12-17 18:48:57
442	В лес, где мерцают светлячки	8.246	7.9	2011	https://www.kinopoisk.ruhttps://www.kinopoisk.ru/film/635553/	2019-12-17 18:48:57
443	Области тьмы	7.981	7.4	2011	https://www.kinopoisk.ruhttps://www.kinopoisk.ru/film/462606/	2019-12-17 18:48:57
444	В поисках Немо	7.867	8.1	2003	https://www.kinopoisk.ruhttps://www.kinopoisk.ru/film/7908/	2019-12-17 18:48:57
445	Зеркало	8.07	8.1	1974	https://www.kinopoisk.ruhttps://www.kinopoisk.ru/film/45275/	2019-12-17 18:48:57
446	Небо над Берлином	7.932	8.0	1987	https://www.kinopoisk.ruhttps://www.kinopoisk.ru/film/8403/	2019-12-17 18:48:57
447	Гарри Поттер и Тайная комната	8.032	7.4	2002	https://www.kinopoisk.ruhttps://www.kinopoisk.ru/film/688/	2019-12-17 18:48:57
448	Невозможное	7.901	7.6	2012	https://www.kinopoisk.ruhttps://www.kinopoisk.ru/film/518037/	2019-12-17 18:48:57
449	Сладкая жизнь	8.01	8.0	1960	https://www.kinopoisk.ruhttps://www.kinopoisk.ru/film/7722/	2019-12-17 18:48:57
450	Остров собак	8.095	7.9	2018	https://www.kinopoisk.ruhttps://www.kinopoisk.ru/film/939785/	2019-12-17 18:48:57
451	Перед рассветом	7.93	8.1	1995	https://www.kinopoisk.ruhttps://www.kinopoisk.ru/film/18368/	2019-12-17 18:48:57
452	Тихий Дон	8.132	7.8	1957	https://www.kinopoisk.ruhttps://www.kinopoisk.ru/film/42248/	2019-12-17 18:48:57
453	Терминатор	7.972	8.0	1984	https://www.kinopoisk.ruhttps://www.kinopoisk.ru/film/507/	2019-12-17 18:48:57
454	Перл-Харбор	7.92	6.2	2001	https://www.kinopoisk.ruhttps://www.kinopoisk.ru/film/1957/	2019-12-17 18:48:57
455	Что гложет Гилберта Грейпа?	7.934	7.8	1993	https://www.kinopoisk.ruhttps://www.kinopoisk.ru/film/4466/	2019-12-17 18:48:57
456	Варвара-краса, длинная коса	8.06	7.3	1970	https://www.kinopoisk.ruhttps://www.kinopoisk.ru/film/45665/	2019-12-17 18:48:57
457	Мачеха	8.093	7.2	1973	https://www.kinopoisk.ruhttps://www.kinopoisk.ru/film/46494/	2019-12-17 18:48:57
458	Бэтмен: Начало	7.906	8.2	2005	https://www.kinopoisk.ruhttps://www.kinopoisk.ru/film/47237/	2019-12-17 18:48:57
459	Три плюс два	8.028	7.4	1963	https://www.kinopoisk.ruhttps://www.kinopoisk.ru/film/46792/	2019-12-17 18:48:57
460	Жизнь как чудо	7.887	7.6	2004	https://www.kinopoisk.ruhttps://www.kinopoisk.ru/film/48555/	2019-12-17 18:48:57
461	Звуки музыки	8.053	8.0	1965	https://www.kinopoisk.ruhttps://www.kinopoisk.ru/film/7665/	2019-12-17 18:48:57
462	Афоня	8.03	7.9	1975	https://www.kinopoisk.ruhttps://www.kinopoisk.ru/film/43423/	2019-12-17 18:48:57
463	Волшебная страна	7.879	7.7	2004	https://www.kinopoisk.ruhttps://www.kinopoisk.ru/film/4511/	2019-12-17 18:48:57
464	Подозрительные лица	7.859	8.5	1995	https://www.kinopoisk.ruhttps://www.kinopoisk.ru/film/340/	2019-12-17 18:48:57
465	Большой	7.915	7.3	1988	https://www.kinopoisk.ruhttps://www.kinopoisk.ru/film/4688/	2019-12-17 18:48:57
466	Солярис	8.013	8.1	1972	https://www.kinopoisk.ruhttps://www.kinopoisk.ru/film/43911/	2019-12-17 18:48:57
467	Триумф	7.842	7.4	2005	https://www.kinopoisk.ruhttps://www.kinopoisk.ru/film/77795/	2019-12-17 18:48:57
468	Человек-паук: Через вселенные	7.985	8.4	2018	https://www.kinopoisk.ruhttps://www.kinopoisk.ru/film/920265/	2019-12-17 18:48:57
469	Телохранитель	8.012	8.2	1961	https://www.kinopoisk.ruhttps://www.kinopoisk.ru/film/445/	2019-12-17 18:48:57
470	Безумный Макс: Дорога ярости	7.813	8.1	2015	https://www.kinopoisk.ruhttps://www.kinopoisk.ru/film/453406/	2019-12-17 18:48:57
471	Ищите женщину  (ТВ)	8.162	7.9	1982	https://www.kinopoisk.ruhttps://www.kinopoisk.ru/film/77277/	2019-12-17 18:48:57
472	Король Лир	8.089	8.1	1970	https://www.kinopoisk.ruhttps://www.kinopoisk.ru/film/44924/	2019-12-17 18:48:57
473	Чёрный лебедь	7.731	8.0	2010	https://www.kinopoisk.ruhttps://www.kinopoisk.ru/film/278273/	2019-12-17 18:48:57
474	Звёздные войны: Эпизод 1 – Скрытая угроза	7.901	6.5	1999	https://www.kinopoisk.ruhttps://www.kinopoisk.ru/film/6695/	2019-12-17 18:48:57
475	За бортом	7.992	6.9	1987	https://www.kinopoisk.ruhttps://www.kinopoisk.ru/film/16115/	2019-12-17 18:48:57
476	Золушка	8.046	7.3	1949	https://www.kinopoisk.ruhttps://www.kinopoisk.ru/film/8231/	2019-12-17 18:48:57
477	За пригоршню долларов	8.019	8.0	1964	https://www.kinopoisk.ruhttps://www.kinopoisk.ru/film/8455/	2019-12-17 18:48:57
478	Токийская повесть	8.033	8.2	1953	https://www.kinopoisk.ruhttps://www.kinopoisk.ru/film/79836/	2019-12-17 18:48:57
479	Непрощенный	7.848	8.2	1992	https://www.kinopoisk.ruhttps://www.kinopoisk.ru/film/451/	2019-12-17 18:48:57
480	Трамвай «Желание»	8.029	8.0	1951	https://www.kinopoisk.ruhttps://www.kinopoisk.ru/film/486/	2019-12-17 18:48:57
481	Холодная гора	7.847	7.2	2003	https://www.kinopoisk.ruhttps://www.kinopoisk.ru/film/1942/	2019-12-17 18:48:57
482	Море внутри	7.814	8.0	2004	https://www.kinopoisk.ruhttps://www.kinopoisk.ru/film/41830/	2019-12-17 18:48:57
483	Лоуренс Аравийский	8.021	8.3	1962	https://www.kinopoisk.ruhttps://www.kinopoisk.ru/film/347/	2019-12-17 18:48:57
484	Босоногий Гэн	8.013	8.0	1983	https://www.kinopoisk.ruhttps://www.kinopoisk.ru/film/252330/	2019-12-17 18:48:57
485	Вторая жизнь Уве	7.879	7.7	2015	https://www.kinopoisk.ruhttps://www.kinopoisk.ru/film/848894/	2019-12-17 18:48:57
486	Ведьмина служба доставки	8.042	7.9	1989	https://www.kinopoisk.ruhttps://www.kinopoisk.ru/film/2428/	2019-12-17 18:48:57
487	Класс	7.814	7.9	2007	https://www.kinopoisk.ruhttps://www.kinopoisk.ru/film/320230/	2019-12-17 18:48:57
488	Война и мир: Андрей Болконский	8.034	8.2	1965	https://www.kinopoisk.ruhttps://www.kinopoisk.ru/film/45817/	2019-12-17 18:48:57
489	Эквилибриум	7.894	7.4	2002	https://www.kinopoisk.ruhttps://www.kinopoisk.ru/film/309/	2019-12-17 18:48:57
490	Тренировочный день	7.831	7.7	2001	https://www.kinopoisk.ruhttps://www.kinopoisk.ru/film/863/	2019-12-17 18:48:57
491	Простая история	7.825	8.0	1999	https://www.kinopoisk.ruhttps://www.kinopoisk.ru/film/442/	2019-12-17 18:48:57
492	Беглецы	7.941	7.1	1986	https://www.kinopoisk.ruhttps://www.kinopoisk.ru/film/20897/	2019-12-17 18:48:57
493	В августе 44-го	7.885	7.5	2001	https://www.kinopoisk.ruhttps://www.kinopoisk.ru/film/41381/	2019-12-17 18:48:57
494	Ушедшие	8.078	8.1	2008	https://www.kinopoisk.ruhttps://www.kinopoisk.ru/film/391762/	2019-12-17 18:48:57
495	Бег	8.068	7.8	1970	https://www.kinopoisk.ruhttps://www.kinopoisk.ru/film/46047/	2019-12-17 18:48:57
496	Капернаум	8.139	8.4	2018	https://www.kinopoisk.ruhttps://www.kinopoisk.ru/film/1118042/	2019-12-17 18:48:57
497	Когда деревья были большими	8.027	7.7	1961	https://www.kinopoisk.ruhttps://www.kinopoisk.ru/film/44838/	2019-12-17 18:48:57
498	Коты-аристократы	8.08	7.1	1970	https://www.kinopoisk.ruhttps://www.kinopoisk.ru/film/26656/	2019-12-17 18:48:57
499	Золушка	7.981	7.6	1947	https://www.kinopoisk.ruhttps://www.kinopoisk.ru/film/45398/	2019-12-17 18:48:57
500	Броненосец «Потемкин»	7.937	8.0	1925	https://www.kinopoisk.ruhttps://www.kinopoisk.ru/film/481/	2019-12-17 18:48:57
