rank;name;kp_rating;imdb_rating;year;url;_utc_timestamp
500;Броненосец «Потемкин»;7.936;8.0;1925;https://www.kinopoisk.ru/film/481/;2019-12-10 15:10:07
499;Золушка;7.982;7.6;1947;https://www.kinopoisk.ru/film/45398/;2019-12-10 15:10:07
498;Коты-аристократы;8.081;7.1;1970;https://www.kinopoisk.ru/film/26656/;2019-12-10 15:10:07
497;Старая, старая сказка;8.071;7.5;1968;https://www.kinopoisk.ru/film/43974/;2019-12-10 15:10:07
496;Когда деревья были большими;8.027;7.7;1961;https://www.kinopoisk.ru/film/44838/;2019-12-10 15:10:07
495;Бег;8.068;7.8;1970;https://www.kinopoisk.ru/film/46047/;2019-12-10 15:10:07
494;Ушедшие;8.077;8.1;2008;https://www.kinopoisk.ru/film/391762/;2019-12-10 15:10:07
493;В августе 44-го;7.885;7.5;2001;https://www.kinopoisk.ru/film/41381/;2019-12-10 15:10:07
492;Беглецы;7.941;7.1;1986;https://www.kinopoisk.ru/film/20897/;2019-12-10 15:10:07
491;Простая история;7.825;8.0;1999;https://www.kinopoisk.ru/film/442/;2019-12-10 15:10:07
490;Тренировочный день;7.831;7.7;2001;https://www.kinopoisk.ru/film/863/;2019-12-10 15:10:07
489;Эквилибриум;7.894;7.4;2002;https://www.kinopoisk.ru/film/309/;2019-12-10 15:10:07
488;Война и мир: Андрей Болконский;8.034;8.2;1965;https://www.kinopoisk.ru/film/45817/;2019-12-10 15:10:07
487;Класс;7.814;7.9;2007;https://www.kinopoisk.ru/film/320230/;2019-12-10 15:10:07
486;Босоногий Гэн;8.012;8.0;1983;https://www.kinopoisk.ru/film/252330/;2019-12-10 15:10:07
485;Лоуренс Аравийский;8.02;8.3;1962;https://www.kinopoisk.ru/film/347/;2019-12-10 15:10:07
484;Ведьмина служба доставки;8.042;7.9;1989;https://www.kinopoisk.ru/film/2428/;2019-12-10 15:10:07
483;Вторая жизнь Уве;7.878;7.7;2015;https://www.kinopoisk.ru/film/848894/;2019-12-10 15:10:07
482;Море внутри;7.814;8.0;2004;https://www.kinopoisk.ru/film/41830/;2019-12-10 15:10:07
481;Холодная гора;7.847;7.2;2003;https://www.kinopoisk.ru/film/1942/;2019-12-10 15:10:07
480;"Трамвай &laquo;Желание&raquo;";8.029;8.0;1951;https://www.kinopoisk.ru/film/486/;2019-12-10 15:10:07
479;Непрощенный;7.848;8.2;1992;https://www.kinopoisk.ru/film/451/;2019-12-10 15:10:07
478;Токийская повесть;8.034;8.2;1953;https://www.kinopoisk.ru/film/79836/;2019-12-10 15:10:07
477;За пригоршню долларов;8.019;8.0;1964;https://www.kinopoisk.ru/film/8455/;2019-12-10 15:10:07
476;Король Лир;8.089;8.1;1970;https://www.kinopoisk.ru/film/44924/;2019-12-10 15:10:07
475;Золушка;8.046;7.3;1949;https://www.kinopoisk.ru/film/8231/;2019-12-10 15:10:07
474;За бортом;7.992;6.9;1987;https://www.kinopoisk.ru/film/16115/;2019-12-10 15:10:07
473;Чёрный лебедь;7.731;8.0;2010;https://www.kinopoisk.ru/film/278273/;2019-12-10 15:10:07
472;Звёздные войны: Эпизод 1 – Скрытая угроза;7.901;6.5;1999;https://www.kinopoisk.ru/film/6695/;2019-12-10 15:10:07
471;Безумный Макс: Дорога ярости;7.813;8.1;2015;https://www.kinopoisk.ru/film/453406/;2019-12-10 15:10:07
470;Телохранитель;8.011;8.2;1961;https://www.kinopoisk.ru/film/445/;2019-12-10 15:10:07
469;Ищите женщину  (ТВ);8.161;7.9;1982;https://www.kinopoisk.ru/film/77277/;2019-12-10 15:10:07
468;Человек-паук: Через вселенные;7.985;8.4;2018;https://www.kinopoisk.ru/film/920265/;2019-12-10 15:10:07
467;Триумф;7.842;7.4;2005;https://www.kinopoisk.ru/film/77795/;2019-12-10 15:10:07
466;Солярис;8.014;8.1;1972;https://www.kinopoisk.ru/film/43911/;2019-12-10 15:10:07
465;Большой;7.915;7.3;1988;https://www.kinopoisk.ru/film/4688/;2019-12-10 15:10:07
464;Подозрительные лица;7.859;8.5;1995;https://www.kinopoisk.ru/film/340/;2019-12-10 15:10:07
463;Волшебная страна;7.879;7.7;2004;https://www.kinopoisk.ru/film/4511/;2019-12-10 15:10:07
462;Звуки музыки;8.053;8.0;1965;https://www.kinopoisk.ru/film/7665/;2019-12-10 15:10:07
461;Три плюс два;8.028;7.4;1963;https://www.kinopoisk.ru/film/46792/;2019-12-10 15:10:07
460;Афоня;8.03;7.9;1975;https://www.kinopoisk.ru/film/43423/;2019-12-10 15:10:07
459;Бэтмен: Начало;7.906;8.2;2005;https://www.kinopoisk.ru/film/47237/;2019-12-10 15:10:07
458;Жизнь как чудо;7.887;7.6;2004;https://www.kinopoisk.ru/film/48555/;2019-12-10 15:10:07
457;Что гложет Гилберта Грейпа?;7.934;7.8;1993;https://www.kinopoisk.ru/film/4466/;2019-12-10 15:10:07
456;Терминатор;7.972;8.0;1984;https://www.kinopoisk.ru/film/507/;2019-12-10 15:10:07
455;Мачеха;8.093;7.2;1973;https://www.kinopoisk.ru/film/46494/;2019-12-10 15:10:07
454;Тихий Дон;8.132;7.8;1957;https://www.kinopoisk.ru/film/42248/;2019-12-10 15:10:07
453;Варвара-краса, длинная коса;8.06;7.3;1970;https://www.kinopoisk.ru/film/45665/;2019-12-10 15:10:07
452;Перед рассветом;7.93;8.1;1995;https://www.kinopoisk.ru/film/18368/;2019-12-10 15:10:07
451;Остров собак;8.095;7.9;2018;https://www.kinopoisk.ru/film/939785/;2019-12-10 15:10:07
450;Перл-Харбор;7.92;6.2;2001;https://www.kinopoisk.ru/film/1957/;2019-12-10 15:10:07
449;Сладкая жизнь;8.01;8.0;1960;https://www.kinopoisk.ru/film/7722/;2019-12-10 15:10:07
448;Небо над Берлином;7.931;8.0;1987;https://www.kinopoisk.ru/film/8403/;2019-12-10 15:10:07
447;Невозможное;7.901;7.6;2012;https://www.kinopoisk.ru/film/518037/;2019-12-10 15:10:07
446;Гарри Поттер и Тайная комната;8.032;7.4;2002;https://www.kinopoisk.ru/film/688/;2019-12-10 15:10:07
445;В поисках Немо;7.867;8.1;2003;https://www.kinopoisk.ru/film/7908/;2019-12-10 15:10:07
444;Области тьмы;7.981;7.4;2011;https://www.kinopoisk.ru/film/462606/;2019-12-10 15:10:07
443;Зеркало;8.07;8.1;1974;https://www.kinopoisk.ru/film/45275/;2019-12-10 15:10:07
442;Жить;8.136;8.3;1952;https://www.kinopoisk.ru/film/64131/;2019-12-10 15:10:07
441;На войне как на войне;8.222;7.9;1968;https://www.kinopoisk.ru/film/46285/;2019-12-10 15:10:07
440;Великий Гэтсби;7.939;7.3;2013;https://www.kinopoisk.ru/film/463724/;2019-12-10 15:10:07
439;В лес, где мерцают светлячки;8.247;7.9;2011;https://www.kinopoisk.ru/film/635553/;2019-12-10 15:10:07
438;Осенний марафон;7.999;7.9;1979;https://www.kinopoisk.ru/film/42799/;2019-12-10 15:10:07
437;Олдбой;8.099;8.4;2003;https://www.kinopoisk.ru/film/75871/;2019-12-10 15:10:07
436;Город героев;7.926;7.8;2014;https://www.kinopoisk.ru/film/693126/;2019-12-10 15:10:07
435;Таинственная река;7.796;7.9;2003;https://www.kinopoisk.ru/film/3730/;2019-12-10 15:10:07
434;Освобождение: Направление главного удара;8.115;7.7;1970;https://www.kinopoisk.ru/film/46318/;2019-12-10 15:10:07
433;Девушка на мосту;7.863;7.6;1999;https://www.kinopoisk.ru/film/47397/;2019-12-10 15:10:07
432;Помни;7.869;8.4;2000;https://www.kinopoisk.ru/film/335/;2019-12-10 15:10:07
431;Город грехов;7.849;8.0;2005;https://www.kinopoisk.ru/film/77443/;2019-12-10 15:10:07
430;Война и мир;8.078;8.3;1965;https://www.kinopoisk.ru/film/38898/;2019-12-10 15:10:07
429;Мост Ватерлоо;8.043;7.8;1940;https://www.kinopoisk.ru/film/16759/;2019-12-10 15:10:07
428;Белорусский вокзал;8.064;7.9;1971;https://www.kinopoisk.ru/film/46063/;2019-12-10 15:10:07
427;Джон Ф. Кеннеди: Выстрелы в Далласе;7.873;8.0;1991;https://www.kinopoisk.ru/film/1107/;2019-12-10 15:10:07
426;Я шагаю по Москве;7.997;7.9;1963;https://www.kinopoisk.ru/film/42398/;2019-12-10 15:10:07
425;Фрида;7.911;7.4;2002;https://www.kinopoisk.ru/film/676/;2019-12-10 15:10:07
424;Игра по чужим правилам;7.867;7.2;2006;https://www.kinopoisk.ru/film/77423/;2019-12-10 15:10:07
423;Отверженные;7.901;7.6;2012;https://www.kinopoisk.ru/film/566055/;2019-12-10 15:10:07
422;Ребекка;7.961;8.1;1940;https://www.kinopoisk.ru/film/426/;2019-12-10 15:10:07
421;Охотник на оленей;7.952;8.1;1978;https://www.kinopoisk.ru/film/428/;2019-12-10 15:10:07
420;Такси;7.891;7.0;1998;https://www.kinopoisk.ru/film/14349/;2019-12-10 15:10:07
419;Бесславные ублюдки;7.884;8.3;2009;https://www.kinopoisk.ru/film/9691/;2019-12-10 15:10:07
418;Рокко и его братья;8.052;8.3;1960;https://www.kinopoisk.ru/film/13540/;2019-12-10 15:10:07
417;Одержимость;7.856;7.0;2004;https://www.kinopoisk.ru/film/23737/;2019-12-10 15:10:07
416;Грязные танцы;8.049;7.0;1987;https://www.kinopoisk.ru/film/1996/;2019-12-10 15:10:07
415;Как приручить дракона 2;7.921;7.8;2014;https://www.kinopoisk.ru/film/512883/;2019-12-10 15:10:07
414;М убийца;7.947;8.3;1931;https://www.kinopoisk.ru/film/373/;2019-12-10 15:10:07
413;История игрушек;7.894;8.3;1995;https://www.kinopoisk.ru/film/482/;2019-12-10 15:10:07
412;Освобождение: Огненная дуга;8.176;7.2;1968;https://www.kinopoisk.ru/film/94296/;2019-12-10 15:10:07
411;Цветок пустыни;7.957;7.4;2009;https://www.kinopoisk.ru/film/470769/;2019-12-10 15:10:07
410;Большая прогулка;8.096;8.0;1966;https://www.kinopoisk.ru/film/61815/;2019-12-10 15:10:07
409;Смертельное оружие;7.968;7.6;1987;https://www.kinopoisk.ru/film/15061/;2019-12-10 15:10:07
408;Беглец;7.888;7.8;1993;https://www.kinopoisk.ru/film/3915/;2019-12-10 15:10:07
407;Дом, в котором я живу;8.056;7.6;1957;https://www.kinopoisk.ru/film/44270/;2019-12-10 15:10:07
406;Робин Гуд;8.072;7.6;1973;https://www.kinopoisk.ru/film/17579/;2019-12-10 15:10:07
405;Патриот;7.914;7.2;2000;https://www.kinopoisk.ru/film/781/;2019-12-10 15:10:07
404;На игле;7.939;8.1;1995;https://www.kinopoisk.ru/film/515/;2019-12-10 15:10:07
403;Богемская рапсодия;7.959;8.0;2018;https://www.kinopoisk.ru/film/568289/;2019-12-10 15:10:07
402;Остров;7.89;7.9;2006;https://www.kinopoisk.ru/film/257337/;2019-12-10 15:10:07
401;Интервью с вампиром;7.96;7.6;1994;https://www.kinopoisk.ru/film/8151/;2019-12-10 15:10:07
400;Возвращение;7.852;8.0;2003;https://www.kinopoisk.ru/film/47040/;2019-12-10 15:10:04
399;Белое солнце пустыни;8.03;7.9;1969;https://www.kinopoisk.ru/film/46066/;2019-12-10 15:10:04
398;Освобождение: Прорыв;8.179;7.2;1969;https://www.kinopoisk.ru/film/392539/;2019-12-10 15:10:04
397;Моя прекрасная леди;8.06;7.8;1964;https://www.kinopoisk.ru/film/7666/;2019-12-10 15:10:04
396;Время цыган;7.941;8.3;1988;https://www.kinopoisk.ru/film/63782/;2019-12-10 15:10:04
395;Двойная страховка;7.978;8.3;1944;https://www.kinopoisk.ru/film/364/;2019-12-10 15:10:04
394;Клаус;8.451;8.4;2019;https://www.kinopoisk.ru/film/957887/;2019-12-10 15:10:04
393;Танцующая в темноте;7.944;8.0;2000;https://www.kinopoisk.ru/film/646/;2019-12-10 15:10:04
392;Брестская крепость;7.958;7.5;2010;https://www.kinopoisk.ru/film/436263/;2019-12-10 15:10:04
391;Мемуары гейши;7.965;7.4;2005;https://www.kinopoisk.ru/film/77132/;2019-12-10 15:10:04
390;Эдвард руки-ножницы;7.993;7.9;1990;https://www.kinopoisk.ru/film/8421/;2019-12-10 15:10:04
389;Искусственный разум;7.917;7.2;2001;https://www.kinopoisk.ru/film/594/;2019-12-10 15:10:04
388;Крестный отец 3;7.948;7.6;1990;https://www.kinopoisk.ru/film/4500/;2019-12-10 15:10:04
387;Мэверик;8.095;7.0;1994;https://www.kinopoisk.ru/film/4378/;2019-12-10 15:10:04
386;Индиана Джонс: В поисках утраченного ковчега;7.997;8.4;1981;https://www.kinopoisk.ru/film/339/;2019-12-10 15:10:04
385;Святые из Бундока;7.947;7.8;1999;https://www.kinopoisk.ru/film/4917/;2019-12-10 15:10:04
384;Всё о Еве;8.009;8.2;1950;https://www.kinopoisk.ru/film/372/;2019-12-10 15:10:04
383;Бэмби;8.073;7.3;1942;https://www.kinopoisk.ru/film/8154/;2019-12-10 15:10:04
382;Искупление;7.983;7.8;2007;https://www.kinopoisk.ru/film/255611/;2019-12-10 15:10:04
381;Сережа;8.136;7.8;1960;https://www.kinopoisk.ru/film/43700/;2019-12-10 15:10:04
380;Кошмар перед Рождеством;8.045;8.0;1993;https://www.kinopoisk.ru/film/8222/;2019-12-10 15:10:04
379;Рок-волна;7.881;7.4;2009;https://www.kinopoisk.ru/film/416824/;2019-12-10 15:10:04
378;Скала;7.941;7.4;1996;https://www.kinopoisk.ru/film/2333/;2019-12-10 15:10:04
377;Шёпот сердца;8.286;8.0;1995;https://www.kinopoisk.ru/film/32714/;2019-12-10 15:10:04
376;Спасатель;7.96;6.9;2006;https://www.kinopoisk.ru/film/104921/;2019-12-10 15:10:04
375;Осенняя соната;7.974;8.3;1978;https://www.kinopoisk.ru/film/924/;2019-12-10 15:10:04
374;"Клуб &laquo;Завтрак&raquo;";8.026;7.9;1985;https://www.kinopoisk.ru/film/21844/;2019-12-10 15:10:04
373;Лучшее предложение;7.96;7.8;2012;https://www.kinopoisk.ru/film/681849/;2019-12-10 15:10:04
372;Мстители: Война бесконечности;7.87;8.5;2018;https://www.kinopoisk.ru/film/843649/;2019-12-10 15:10:04
371;Андеграунд;7.922;8.1;1995;https://www.kinopoisk.ru/film/7698/;2019-12-10 15:10:04
370;Невидимые дети;7.853;7.5;2005;https://www.kinopoisk.ru/film/81542/;2019-12-10 15:10:04
369;Ва-банк;8.01;7.9;1981;https://www.kinopoisk.ru/film/32371/;2019-12-10 15:10:04
368;Двенадцать месяцев;8.022;7.5;1956;https://www.kinopoisk.ru/film/46788/;2019-12-10 15:10:04
367;Герой;7.905;7.9;2002;https://www.kinopoisk.ru/film/889/;2019-12-10 15:10:04
366;Двухсотлетний человек;7.984;6.9;1999;https://www.kinopoisk.ru/film/7640/;2019-12-10 15:10:04
365;Мадагаскар;7.892;6.9;2005;https://www.kinopoisk.ru/film/6006/;2019-12-10 15:10:04
364;Плата за страх;8.047;8.1;1952;https://www.kinopoisk.ru/film/7727/;2019-12-10 15:10:04
363;Спирит: Душа прерий;8.089;7.1;2002;https://www.kinopoisk.ru/film/839/;2019-12-10 15:10:04
362;Отель «Гранд Будапешт»;7.868;8.1;2014;https://www.kinopoisk.ru/film/683999/;2019-12-10 15:10:04
361;Законопослушный гражданин;8.007;7.4;2009;https://www.kinopoisk.ru/film/406408/;2019-12-10 15:10:04
360;Дорога;8.033;8.0;1954;https://www.kinopoisk.ru/film/531/;2019-12-10 15:10:04
359;Деловые люди;8.159;7.7;1963;https://www.kinopoisk.ru/film/44128/;2019-12-10 15:10:04
358;Жизнь в розовом цвете;7.901;7.6;2007;https://www.kinopoisk.ru/film/197134/;2019-12-10 15:10:04
357;Безумно влюбленный;8.115;7.0;1981;https://www.kinopoisk.ru/film/147969/;2019-12-10 15:10:04
356;5 сантиметров в секунду;7.918;7.6;2007;https://www.kinopoisk.ru/film/280961/;2019-12-10 15:10:04
355;Мне двадцать лет;8.107;7.8;1964;https://www.kinopoisk.ru/film/46660/;2019-12-10 15:10:04
354;Персона;8.084;8.1;1966;https://www.kinopoisk.ru/film/79506/;2019-12-10 15:10:04
353;Ко мне, Мухтар!;8.077;7.7;1964;https://www.kinopoisk.ru/film/44835/;2019-12-10 15:10:04
352;Расёмон;8.017;8.2;1950;https://www.kinopoisk.ru/film/388/;2019-12-10 15:10:04
351;Вспоминая Титанов;7.956;7.8;2000;https://www.kinopoisk.ru/film/799/;2019-12-10 15:10:04
350;Гнев;7.907;7.7;2004;https://www.kinopoisk.ru/film/6889/;2019-12-10 15:10:04
349;Четыреста ударов;8.097;8.1;1959;https://www.kinopoisk.ru/film/510/;2019-12-10 15:10:04
348;Калина красная;8.065;7.8;1973;https://www.kinopoisk.ru/film/44691/;2019-12-10 15:10:04
347;Служили два товарища;8.164;8.0;1968;https://www.kinopoisk.ru/film/43870/;2019-12-10 15:10:04
346;Великан;7.939;7.3;1998;https://www.kinopoisk.ru/film/4384/;2019-12-10 15:10:04
345;Отпетые мошенники;7.985;7.4;1988;https://www.kinopoisk.ru/film/9208/;2019-12-10 15:10:04
344;Огни рампы;8.068;8.1;1952;https://www.kinopoisk.ru/film/2113/;2019-12-10 15:10:04
343;38-я параллель;7.925;8.1;2004;https://www.kinopoisk.ru/film/80221/;2019-12-10 15:10:04
342;Мимино;8.064;8.2;1977;https://www.kinopoisk.ru/film/46638/;2019-12-10 15:10:04
341;Завтрак у Тиффани;8.096;7.7;1961;https://www.kinopoisk.ru/film/17721/;2019-12-10 15:10:04
340;Белые росы;8.203;7.6;1984;https://www.kinopoisk.ru/film/46080/;2019-12-10 15:10:04
339;Мэри и Макс;7.866;8.1;2009;https://www.kinopoisk.ru/film/378246/;2019-12-10 15:10:04
338;Шерлок Холмс и доктор Ватсон: Двадцатый век начинается  (ТВ);8.182;8.0;1987;https://www.kinopoisk.ru/film/77267/;2019-12-10 15:10:04
337;Метрополис;8.045;8.3;1927;https://www.kinopoisk.ru/film/417/;2019-12-10 15:10:04
336;Дети Дон-Кихота;8.191;7.5;1966;https://www.kinopoisk.ru/film/44159/;2019-12-10 15:10:04
335;Мотылек;8.019;8.0;1973;https://www.kinopoisk.ru/film/4525/;2019-12-10 15:10:04
334;Легенды осени;7.987;7.5;1994;https://www.kinopoisk.ru/film/8827/;2019-12-10 15:10:04
333;Невероятные приключения итальянцев в России;8.051;7.7;1973;https://www.kinopoisk.ru/film/46421/;2019-12-10 15:10:04
332;Три тополя на Плющихе;8.107;7.8;1968;https://www.kinopoisk.ru/film/42308/;2019-12-10 15:10:04
331;Седьмая печать;8.073;8.2;1957;https://www.kinopoisk.ru/film/425/;2019-12-10 15:10:04
330;Разрисованная вуаль;7.915;7.5;2006;https://www.kinopoisk.ru/film/102201/;2019-12-10 15:10:04
329;Подводная лодка;8.046;8.3;1981;https://www.kinopoisk.ru/film/362/;2019-12-10 15:10:04
328;Подкидыш;8.081;7.7;1939;https://www.kinopoisk.ru/film/43044/;2019-12-10 15:10:04
327;Тайна третьей планеты;8.017;8.0;1981;https://www.kinopoisk.ru/film/42172/;2019-12-10 15:10:04
326;Реальная любовь;7.912;7.6;2003;https://www.kinopoisk.ru/film/6144/;2019-12-10 15:10:04
325;Чужой;8.062;8.4;1979;https://www.kinopoisk.ru/film/386/;2019-12-10 15:10:04
324;"Отель &laquo;Руанда&raquo;";7.847;8.1;2004;https://www.kinopoisk.ru/film/77859/;2019-12-10 15:10:04
323;Анастасия;8.077;7.1;1997;https://www.kinopoisk.ru/film/2513/;2019-12-10 15:10:04
322;Сонная Лощина;7.949;7.3;1999;https://www.kinopoisk.ru/film/5622/;2019-12-10 15:10:04
321;Однажды двадцать лет спустя;8.011;7.3;1980;https://www.kinopoisk.ru/film/25082/;2019-12-10 15:10:04
320;Маска;7.974;6.9;1994;https://www.kinopoisk.ru/film/6039/;2019-12-10 15:10:04
319;Освобождение: Битва за Берлин;8.184;7.1;1971;https://www.kinopoisk.ru/film/392540/;2019-12-10 15:10:04
318;По семейным обстоятельствам  (ТВ);8.162;7.7;1978;https://www.kinopoisk.ru/film/43007/;2019-12-10 15:10:04
317;Охота;7.905;8.3;2012;https://www.kinopoisk.ru/film/647671/;2019-12-10 15:10:04
316;Чтец;7.934;7.6;2008;https://www.kinopoisk.ru/film/325439/;2019-12-10 15:10:04
315;Освобождение: Последний штурм;8.183;7.3;1971;https://www.kinopoisk.ru/film/392541/;2019-12-10 15:10:04
314;Гамлет;8.045;8.3;1964;https://www.kinopoisk.ru/film/44457/;2019-12-10 15:10:04
313;Паразиты;8.079;8.6;2019;https://www.kinopoisk.ru/film/1043758/;2019-12-10 15:10:04
312;Другие;7.938;7.6;2001;https://www.kinopoisk.ru/film/494/;2019-12-10 15:10:04
311;Сансет бульвар;7.996;8.4;1950;https://www.kinopoisk.ru/film/353/;2019-12-10 15:10:04
310;Чаплин;7.963;7.6;1992;https://www.kinopoisk.ru/film/2058/;2019-12-10 15:10:04
309;Земляничная поляна;8.011;8.2;1957;https://www.kinopoisk.ru/film/508/;2019-12-10 15:10:04
308;Черная кошка, белый кот;7.973;8.1;1998;https://www.kinopoisk.ru/film/38198/;2019-12-10 15:10:04
307;Бумажная луна;8.068;8.1;1973;https://www.kinopoisk.ru/film/5033/;2019-12-10 15:10:04
306;Мосты округа Мэдисон;7.977;7.6;1995;https://www.kinopoisk.ru/film/1886/;2019-12-10 15:10:04
305;Мачеха;8.013;6.8;1998;https://www.kinopoisk.ru/film/1949/;2019-12-10 15:10:04
304;Цельнометаллическая оболочка;8.008;8.3;1987;https://www.kinopoisk.ru/film/418/;2019-12-10 15:10:04
303;Босиком по мостовой;7.923;7.2;2005;https://www.kinopoisk.ru/film/81584/;2019-12-10 15:10:04
302;История Хатико;8.131;8.1;1987;https://www.kinopoisk.ru/film/38145/;2019-12-10 15:10:04
301;Доктор Стрейнджлав, или Как я научился не волноваться и полюбил атомную бомбу;8.062;8.4;1963;https://www.kinopoisk.ru/film/334/;2019-12-10 15:10:04
300;Гараж;8.017;8.1;1979;https://www.kinopoisk.ru/film/44467/;2019-12-10 15:10:04
299;Сталкер;8.084;8.2;1979;https://www.kinopoisk.ru/film/43970/;2019-12-10 15:10:04
298;По соображениям совести;7.928;8.1;2016;https://www.kinopoisk.ru/film/649917/;2019-12-10 15:10:04
297;Чужие;8.04;8.4;1986;https://www.kinopoisk.ru/film/406/;2019-12-10 15:10:04
296;Однажды на Диком Западе;8.035;8.5;1968;https://www.kinopoisk.ru/film/376/;2019-12-10 15:10:04
295;Стена;8.109;8.1;1982;https://www.kinopoisk.ru/film/23712/;2019-12-10 15:10:04
294;Касабланка;8.023;8.5;1942;https://www.kinopoisk.ru/film/330/;2019-12-10 15:10:04
293;Путь Карлито;7.964;7.9;1993;https://www.kinopoisk.ru/film/4275/;2019-12-10 15:10:04
292;Десять негритят;8.14;7.9;1987;https://www.kinopoisk.ru/film/44156/;2019-12-10 15:10:04
291;Квартира;8.021;8.3;1960;https://www.kinopoisk.ru/film/404/;2019-12-10 15:10:04
290;Кокаин;7.98;7.6;2001;https://www.kinopoisk.ru/film/616/;2019-12-10 15:10:04
289;Звёздные войны: Эпизод 4 – Новая надежда;8.108;8.6;1977;https://www.kinopoisk.ru/film/333/;2019-12-10 15:10:04
288;Харакири;8.101;8.7;1962;https://www.kinopoisk.ru/film/103148/;2019-12-10 15:10:04
287;Весна на Заречной улице;7.911;7.6;1956;https://www.kinopoisk.ru/film/45748/;2019-12-10 15:10:04
286;Покровские ворота  (ТВ);8.205;8.1;1982;https://www.kinopoisk.ru/film/77203/;2019-12-10 15:10:04
285;Бен-Гур;8.072;8.1;1959;https://www.kinopoisk.ru/film/436/;2019-12-10 15:10:04
284;Великий диктатор;8.067;8.5;1940;https://www.kinopoisk.ru/film/431/;2019-12-10 15:10:04
283;Август Раш;7.976;7.5;2007;https://www.kinopoisk.ru/film/86566/;2019-12-10 15:10:04
282;Доживем до понедельника;8.09;8.0;1968;https://www.kinopoisk.ru/film/44299/;2019-12-10 15:10:04
281;Бронкская история;7.987;7.8;1993;https://www.kinopoisk.ru/film/7466/;2019-12-10 15:10:04
280;Формула любви  (ТВ);8.166;8.1;1984;https://www.kinopoisk.ru/film/81432/;2019-12-10 15:10:04
279;Тропы славы;8.079;8.4;1957;https://www.kinopoisk.ru/film/360/;2019-12-10 15:10:04
278;Небесный замок Лапута;8.244;8.0;1986;https://www.kinopoisk.ru/film/1846/;2019-12-10 15:10:04
277;Навсикая из долины ветров;8.113;8.1;1984;https://www.kinopoisk.ru/film/8240/;2019-12-10 15:10:04
276;Не может быть!;8.126;7.7;1975;https://www.kinopoisk.ru/film/46368/;2019-12-10 15:10:04
275;Гангстер;7.936;7.8;2007;https://www.kinopoisk.ru/film/252156/;2019-12-10 15:10:04
274;В диких условиях;7.924;8.1;2007;https://www.kinopoisk.ru/film/252626/;2019-12-10 15:10:04
273;Курьер;8.038;8.0;1986;https://www.kinopoisk.ru/film/45028/;2019-12-10 15:10:04
272;Сука-любовь;7.915;8.1;2000;https://www.kinopoisk.ru/film/488/;2019-12-10 15:10:04
271;Ла-Ла Ленд;7.891;8.0;2016;https://www.kinopoisk.ru/film/841081/;2019-12-10 15:10:04
270;Совершенный мир;7.962;7.6;1993;https://www.kinopoisk.ru/film/8178/;2019-12-10 15:10:04
269;Проверка на дорогах;7.979;7.9;1971;https://www.kinopoisk.ru/film/43332/;2019-12-10 15:10:04
268;Земля до начала времен;8.019;7.4;1988;https://www.kinopoisk.ru/film/7107/;2019-12-10 15:10:04
267;Восхождение;8.027;8.3;1976;https://www.kinopoisk.ru/film/7765/;2019-12-10 15:10:04
266;Обыкновенное чудо  (ТВ);8.209;8.3;1978;https://www.kinopoisk.ru/film/77282/;2019-12-10 15:10:04
265;Ночи Кабирии;8.021;8.1;1957;https://www.kinopoisk.ru/film/63929/;2019-12-10 15:10:04
264;Взвод;8.009;8.1;1986;https://www.kinopoisk.ru/film/468/;2019-12-10 15:10:04
263;Республика ШКИД;8.175;7.9;1966;https://www.kinopoisk.ru/film/42088/;2019-12-10 15:10:04
262;Грань будущего;7.939;7.9;2014;https://www.kinopoisk.ru/film/505851/;2019-12-10 15:10:04
261;Смех и горе у Бела моря;8.102;7.7;1988;https://www.kinopoisk.ru/film/279828/;2019-12-10 15:10:04
260;Заложница;7.913;7.8;2007;https://www.kinopoisk.ru/film/276376/;2019-12-10 15:10:04
259;Троя;8.022;7.2;2004;https://www.kinopoisk.ru/film/3442/;2019-12-10 15:10:04
258;Люди в черном;7.967;7.3;1997;https://www.kinopoisk.ru/film/1091/;2019-12-10 15:10:04
257;Окно во двор;8.033;8.4;1954;https://www.kinopoisk.ru/film/337/;2019-12-10 15:10:04
256;Стальной гигант;8.069;8.0;1999;https://www.kinopoisk.ru/film/538/;2019-12-10 15:10:04
255;Весна, лето, осень, зима... и снова весна;7.911;8.0;2003;https://www.kinopoisk.ru/film/47814/;2019-12-10 15:10:04
254;Максим Перепелица;8.134;7.7;1955;https://www.kinopoisk.ru/film/46512/;2019-12-10 15:10:04
253;Лис и пёс;8.175;7.3;1981;https://www.kinopoisk.ru/film/16117/;2019-12-10 15:10:04
252;Человек с бульвара Капуцинов;8.015;7.8;1987;https://www.kinopoisk.ru/film/45463/;2019-12-10 15:10:04
251;Девочка, покорившая время;7.963;7.8;2006;https://www.kinopoisk.ru/film/273209/;2019-12-10 15:10:04
250;Секреты Лос-Анджелеса;7.93;8.2;1997;https://www.kinopoisk.ru/film/363/;2019-12-10 15:10:04
249;Иди и смотри;8.075;8.3;1985;https://www.kinopoisk.ru/film/42571/;2019-12-10 15:10:04
248;Иваново детство;8.046;8.1;1962;https://www.kinopoisk.ru/film/42667/;2019-12-10 15:10:04
247;Профессионал;8.114;7.6;1981;https://www.kinopoisk.ru/film/39259/;2019-12-10 15:10:04
246;Пираты Карибского моря: На краю Света;8.008;7.1;2007;https://www.kinopoisk.ru/film/102124/;2019-12-10 15:10:04
245;Холодное лето пятьдесят третьего...;8.05;7.9;1987;https://www.kinopoisk.ru/film/7660/;2019-12-10 15:10:04
244;Леди и бродяга;8.169;7.3;1955;https://www.kinopoisk.ru/film/8227/;2019-12-10 15:10:04
243;История игрушек: Большой побег;7.804;8.3;2010;https://www.kinopoisk.ru/film/258328/;2019-12-10 15:10:04
242;Мужики!..;8.087;7.6;1981;https://www.kinopoisk.ru/film/46745/;2019-12-10 15:10:04
241;Крамер против Крамера;7.988;7.8;1979;https://www.kinopoisk.ru/film/1902/;2019-12-10 15:10:04
240;Реквием по мечте;7.982;8.3;2000;https://www.kinopoisk.ru/film/367/;2019-12-10 15:10:04
239;Догвилль;7.932;8.0;2003;https://www.kinopoisk.ru/film/7226/;2019-12-10 15:10:04
238;Гаттака;7.948;7.8;1997;https://www.kinopoisk.ru/film/5012/;2019-12-10 15:10:04
237;Русалочка;8.209;7.6;1989;https://www.kinopoisk.ru/film/8147/;2019-12-10 15:10:04
236;Мандарины;8.066;8.2;2013;https://www.kinopoisk.ru/film/772017/;2019-12-10 15:10:04
235;Жизнь Пи;7.821;7.9;2012;https://www.kinopoisk.ru/film/158786/;2019-12-10 15:10:04
234;Аты-баты, шли солдаты...;8.106;7.8;1976;https://www.kinopoisk.ru/film/43553/;2019-12-10 15:10:04
233;Поющие под дождем;8.052;8.3;1952;https://www.kinopoisk.ru/film/368/;2019-12-10 15:10:04
232;Мулан;8.065;7.6;1998;https://www.kinopoisk.ru/film/5277/;2019-12-10 15:10:04
231;Старший сын  (ТВ);8.174;8.0;1975;https://www.kinopoisk.ru/film/43982/;2019-12-10 15:10:04
230;Вверх;7.984;8.2;2009;https://www.kinopoisk.ru/film/325381/;2019-12-10 15:10:04
229;Билли Эллиот;7.917;7.7;2000;https://www.kinopoisk.ru/film/610/;2019-12-10 15:10:04
228;Рапунцель: Запутанная история;7.94;7.7;2010;https://www.kinopoisk.ru/film/84049/;2019-12-10 15:10:04
227;Знакомьтесь, Джо Блэк;8.031;7.2;1998;https://www.kinopoisk.ru/film/5059/;2019-12-10 15:10:04
226;Звёздные войны: Эпизод 5 – Империя наносит ответный удар;8.127;8.7;1980;https://www.kinopoisk.ru/film/338/;2019-12-10 15:10:04
225;Аватар;7.94;7.8;2009;https://www.kinopoisk.ru/film/251733/;2019-12-10 15:10:04
224;Крупная рыба;7.95;8.0;2003;https://www.kinopoisk.ru/film/9617/;2019-12-10 15:10:04
223;Завтра была война;8.032;7.8;1987;https://www.kinopoisk.ru/film/45244/;2019-12-10 15:10:04
222;Столкновение;7.888;7.8;2004;https://www.kinopoisk.ru/film/61297/;2019-12-10 15:10:04
221;Золотая лихорадка;8.058;8.2;1925;https://www.kinopoisk.ru/film/478/;2019-12-10 15:10:04
220;Убить пересмешника;8.037;8.3;1962;https://www.kinopoisk.ru/film/357/;2019-12-10 15:10:04
219;Крепкий орешек;8.02;8.2;1988;https://www.kinopoisk.ru/film/471/;2019-12-10 15:10:04
218;Три идиота;8.059;8.4;2009;https://www.kinopoisk.ru/film/423210/;2019-12-10 15:10:04
217;Рататуй;7.955;8.0;2007;https://www.kinopoisk.ru/film/89514/;2019-12-10 15:10:04
216;Медведь;7.993;7.7;1988;https://www.kinopoisk.ru/film/22907/;2019-12-10 15:10:04
215;Песнь моря;8.089;8.1;2014;https://www.kinopoisk.ru/film/714248/;2019-12-10 15:10:04
214;Ураган;7.961;7.6;1999;https://www.kinopoisk.ru/film/4914/;2019-12-10 15:10:04
213;Гарри Поттер и Дары Смерти: Часть II;8.091;8.1;2011;https://www.kinopoisk.ru/film/407636/;2019-12-10 15:10:04
212;Апокалипсис;7.96;7.8;2006;https://www.kinopoisk.ru/film/160977/;2019-12-10 15:10:04
211;Подмена;7.936;7.7;2008;https://www.kinopoisk.ru/film/279880/;2019-12-10 15:10:04
210;Гарри Поттер и философский камень;8.201;7.6;2001;https://www.kinopoisk.ru/film/689/;2019-12-10 15:10:04
209;Дурак;8.055;8.0;2014;https://www.kinopoisk.ru/film/808639/;2019-12-10 15:10:04
208;Я – Сэм;8.004;7.6;2001;https://www.kinopoisk.ru/film/706/;2019-12-10 15:10:04
207;Загадочная история Бенджамина Баттона;8.044;7.8;2008;https://www.kinopoisk.ru/film/81555/;2019-12-10 15:10:04
206;Хулиганы;8.027;7.5;2005;https://www.kinopoisk.ru/film/77444/;2019-12-10 15:10:04
205;Пока не сыграл в ящик;8.049;7.4;2007;https://www.kinopoisk.ru/film/258885/;2019-12-10 15:10:04
204;Хоббит: Пустошь Смауга;7.97;7.8;2013;https://www.kinopoisk.ru/film/408876/;2019-12-10 15:10:04
203;Тэмпл Грандин  (ТВ);7.934;8.3;2010;https://www.kinopoisk.ru/film/424153/;2019-12-10 15:10:04
202;Жестокий романс;8.083;8.0;1984;https://www.kinopoisk.ru/film/45314/;2019-12-10 15:10:04
201;Брат 2;8.093;7.8;2000;https://www.kinopoisk.ru/film/41520/;2019-12-10 15:10:04
200;Трасса 60;8.015;7.7;2001;https://www.kinopoisk.ru/film/3563/;2019-12-10 15:09:59
199;Гарри Поттер и узник Азкабана;8.136;7.9;2004;https://www.kinopoisk.ru/film/322/;2019-12-10 15:09:59
198;Цирк;8.017;8.2;1928;https://www.kinopoisk.ru/film/2119/;2019-12-10 15:09:59
197;Берегись автомобиля;8.167;8.2;1966;https://www.kinopoisk.ru/film/46089/;2019-12-10 15:09:59
196;Ирония судьбы, или С легким паром!  (ТВ);8.207;8.2;1975;https://www.kinopoisk.ru/film/77331/;2019-12-10 15:09:59
195;Последний самурай;8.064;7.7;2003;https://www.kinopoisk.ru/film/6764/;2019-12-10 15:09:59
194;Иллюзионист;8.012;7.6;2005;https://www.kinopoisk.ru/film/102198/;2019-12-10 15:09:59
193;Шрэк;7.985;7.8;2001;https://www.kinopoisk.ru/film/430/;2019-12-10 15:09:59
192;Легенда №17;7.972;7.5;2012;https://www.kinopoisk.ru/film/601564/;2019-12-10 15:09:59
191;"Новый кинотеатр &laquo;Парадизо&raquo;";7.959;8.5;1988;https://www.kinopoisk.ru/film/424/;2019-12-10 15:09:59
190;Звёздочки на земле;8.126;8.4;2007;https://www.kinopoisk.ru/film/280562/;2019-12-10 15:09:59
189;Знахарь;8.159;7.8;1981;https://www.kinopoisk.ru/film/80749/;2019-12-10 15:09:59
188;Психо;8.086;8.5;1960;https://www.kinopoisk.ru/film/344/;2019-12-10 15:09:59
187;Ип Ман;8.261;8.0;2008;https://www.kinopoisk.ru/film/409507/;2019-12-10 15:09:59
186;Звёздные войны: Эпизод 6 – Возвращение Джедая;8.15;8.3;1983;https://www.kinopoisk.ru/film/447/;2019-12-10 15:09:59
185;Принцесса Мононоке;8.152;8.4;1997;https://www.kinopoisk.ru/film/441/;2019-12-10 15:09:59
184;Октябрьское небо;8.026;7.8;1999;https://www.kinopoisk.ru/film/2056/;2019-12-10 15:09:59
183;Схватка;8.034;8.2;1995;https://www.kinopoisk.ru/film/571/;2019-12-10 15:09:59
182;Военный ныряльщик;8.051;7.2;2000;https://www.kinopoisk.ru/film/751/;2019-12-10 15:09:59
181;Индиана Джонс и последний крестовый поход;8.065;8.2;1989;https://www.kinopoisk.ru/film/472/;2019-12-10 15:09:59
180;Исчезнувшая;7.94;8.1;2014;https://www.kinopoisk.ru/film/692861/;2019-12-10 15:09:59
179;Мой сосед Тоторо;8.189;8.2;1988;https://www.kinopoisk.ru/film/8221/;2019-12-10 15:09:59
178;Красота по-американски;7.969;8.3;1999;https://www.kinopoisk.ru/film/351/;2019-12-10 15:09:59
177;Писатели свободы;8.022;7.5;2006;https://www.kinopoisk.ru/film/195226/;2019-12-10 15:09:59
176;Человек-слон;8.105;8.1;1980;https://www.kinopoisk.ru/film/464/;2019-12-10 15:09:59
175;Твоё имя;8.31;8.4;2016;https://www.kinopoisk.ru/film/958722/;2019-12-10 15:09:59
174;Тренер Картер;8.041;7.3;2005;https://www.kinopoisk.ru/film/77531/;2019-12-10 15:09:59
173;Звёздные войны: Эпизод 3 – Месть Ситхов;8.051;7.5;2005;https://www.kinopoisk.ru/film/5619/;2019-12-10 15:09:59
172;Белый плен;8.122;7.3;2005;https://www.kinopoisk.ru/film/79204/;2019-12-10 15:09:59
171;Андрей Рублев;8.169;8.2;1966;https://www.kinopoisk.ru/film/8385/;2019-12-10 15:09:59
170;Отец солдата;8.24;8.7;1964;https://www.kinopoisk.ru/film/44218/;2019-12-10 15:09:59
169;Тот самый Мюнхгаузен  (ТВ);8.276;8.5;1979;https://www.kinopoisk.ru/film/77283/;2019-12-10 15:09:59
168;Апокалипсис сегодня;8.146;8.4;1979;https://www.kinopoisk.ru/film/354/;2019-12-10 15:09:59
167;Три билборда на границе Эббинга, Миссури;8.166;8.2;2017;https://www.kinopoisk.ru/film/944098/;2019-12-10 15:09:59
166;Воин;8.029;8.2;2011;https://www.kinopoisk.ru/film/442568/;2019-12-10 15:09:59
165;Ганди;8.065;8.0;1982;https://www.kinopoisk.ru/film/513/;2019-12-10 15:09:59
164;Вам и не снилось...;8.189;7.9;1980;https://www.kinopoisk.ru/film/45660/;2019-12-10 15:09:59
163;Корпорация монстров;8.073;8.0;2001;https://www.kinopoisk.ru/film/458/;2019-12-10 15:09:59
162;Вечное сияние чистого разума;8.024;8.3;2004;https://www.kinopoisk.ru/film/5492/;2019-12-10 15:09:59
161;Заплати другому;8.075;7.2;2000;https://www.kinopoisk.ru/film/782/;2019-12-10 15:09:59
160;Бешеные псы;8.116;8.3;1991;https://www.kinopoisk.ru/film/394/;2019-12-10 15:09:59
159;Нюрнбергский процесс;8.12;8.2;1961;https://www.kinopoisk.ru/film/13738/;2019-12-10 15:09:59
158;"В случае убийства набирайте &laquo;М&raquo;";8.113;8.2;1954;https://www.kinopoisk.ru/film/9028/;2019-12-10 15:09:59
157;Семь самураев;8.153;8.6;1954;https://www.kinopoisk.ru/film/332/;2019-12-10 15:09:59
156;Амели;7.997;8.3;2001;https://www.kinopoisk.ru/film/341/;2019-12-10 15:09:59
155;Шерлок Холмс;8.071;7.6;2009;https://www.kinopoisk.ru/film/420923/;2019-12-10 15:09:59
154;Планета Ка-Пэкс;8.015;7.4;2001;https://www.kinopoisk.ru/film/723/;2019-12-10 15:09:59
153;Золотой теленок;8.192;8.4;1968;https://www.kinopoisk.ru/film/45389/;2019-12-10 15:09:59
152;Перед классом  (ТВ);8.074;8.1;2008;https://www.kinopoisk.ru/film/428457/;2019-12-10 15:09:59
151;Ромео и Джульетта;8.212;7.6;1968;https://www.kinopoisk.ru/film/15204/;2019-12-10 15:09:59
150;Блеф;8.233;7.5;1976;https://www.kinopoisk.ru/film/10179/;2019-12-10 15:09:59
149;Головоломка;8.007;8.2;2015;https://www.kinopoisk.ru/film/645118/;2019-12-10 15:09:59
148;Король говорит!;7.977;8.0;2010;https://www.kinopoisk.ru/film/485311/;2019-12-10 15:09:59
147;Ледниковый период;8.016;7.5;2002;https://www.kinopoisk.ru/film/707/;2019-12-10 15:09:59
146;На несколько долларов больше;8.167;8.3;1965;https://www.kinopoisk.ru/film/8190/;2019-12-10 15:09:59
145;Лицо со шрамом;8.183;8.3;1983;https://www.kinopoisk.ru/film/4695/;2019-12-10 15:09:59
144;Пираты Карибского моря: Сундук мертвеца;8.09;7.3;2006;https://www.kinopoisk.ru/film/63991/;2019-12-10 15:09:59
143;Славные парни;8.117;8.7;1990;https://www.kinopoisk.ru/film/350/;2019-12-10 15:09:59
142;Назад в будущее 3;8.167;7.4;1990;https://www.kinopoisk.ru/film/7103/;2019-12-10 15:09:59
141;Умница Уилл Хантинг;8.074;8.3;1997;https://www.kinopoisk.ru/film/539/;2019-12-10 15:09:59
140;Терминал;8.069;7.3;2004;https://www.kinopoisk.ru/film/6877/;2019-12-10 15:09:59
139;Шерлок Холмс и доктор Ватсон: Сокровища Агры  (ТВ);8.35;8.4;1983;https://www.kinopoisk.ru/film/77264/;2019-12-10 15:09:59
138;Самый быстрый Indian;8.029;7.8;2005;https://www.kinopoisk.ru/film/81512/;2019-12-10 15:09:59
137;Жизнь Дэвида Гейла;8.058;7.6;2002;https://www.kinopoisk.ru/film/738/;2019-12-10 15:09:59
136;Рэй;8.051;7.7;2004;https://www.kinopoisk.ru/film/5319/;2019-12-10 15:09:59
135;12 стульев;8.245;8.3;1971;https://www.kinopoisk.ru/film/46789/;2019-12-10 15:09:59
134;Танцующий с волками;8.11;8.0;1990;https://www.kinopoisk.ru/film/2037/;2019-12-10 15:09:59
133;Привидение;8.165;7.0;1990;https://www.kinopoisk.ru/film/1991/;2019-12-10 15:09:59
132;Афера;8.14;8.3;1973;https://www.kinopoisk.ru/film/383/;2019-12-10 15:09:59
131;Шерлок Холмс и доктор Ватсон: Король шантажа  (ТВ);8.357;8.5;1980;https://www.kinopoisk.ru/film/368936/;2019-12-10 15:09:59
130;Семь жизней;8.178;7.6;2008;https://www.kinopoisk.ru/film/395787/;2019-12-10 15:09:59
129;Меня зовут Кхан;8.096;8.0;2010;https://www.kinopoisk.ru/film/406340/;2019-12-10 15:09:59
128;Легенда о пианисте;8.139;8.1;1998;https://www.kinopoisk.ru/film/8335/;2019-12-10 15:09:59
127;Ford против Ferrari;8.167;8.3;2019;https://www.kinopoisk.ru/film/835086/;2019-12-10 15:09:59
126;Любовь и голуби;8.264;8.1;1984;https://www.kinopoisk.ru/film/45146/;2019-12-10 15:09:59
125;Как украсть миллион;8.207;7.6;1966;https://www.kinopoisk.ru/film/10156/;2019-12-10 15:09:59
124;Город Бога;8.017;8.6;2002;https://www.kinopoisk.ru/film/439/;2019-12-10 15:09:59
123;Новые времена;8.102;8.5;1936;https://www.kinopoisk.ru/film/408/;2019-12-10 15:09:59
122;Невидимая сторона;8.15;7.6;2009;https://www.kinopoisk.ru/film/450213/;2019-12-10 15:09:59
121;Могила светлячков;8.178;8.5;1988;https://www.kinopoisk.ru/film/8219/;2019-12-10 15:09:59
120;Аладдин;8.129;8.0;1992;https://www.kinopoisk.ru/film/2361/;2019-12-10 15:09:59
119;Добро пожаловать, или Посторонним вход воспрещен;8.264;8.1;1964;https://www.kinopoisk.ru/film/44238/;2019-12-10 15:09:59
118;Приключения Шерлока Холмса и доктора Ватсона: Охота на тигра  (ТВ);8.382;8.5;1980;https://www.kinopoisk.ru/film/368937/;2019-12-10 15:09:59
117;Артист;7.941;7.9;2011;https://www.kinopoisk.ru/film/539550/;2019-12-10 15:09:59
116;День сурка;8.104;8.0;1993;https://www.kinopoisk.ru/film/527/;2019-12-10 15:09:59
115;Один дома;8.232;7.6;1990;https://www.kinopoisk.ru/film/8124/;2019-12-10 15:09:59
114;Казино;8.125;8.2;1995;https://www.kinopoisk.ru/film/2494/;2019-12-10 15:09:59
113;Пятый элемент;8.076;7.7;1997;https://www.kinopoisk.ru/film/2656/;2019-12-10 15:09:59
112;Одиннадцать друзей Оушена;8.095;7.8;2001;https://www.kinopoisk.ru/film/770/;2019-12-10 15:09:59
111;Общество мертвых поэтов;8.213;8.1;1989;https://www.kinopoisk.ru/film/4996/;2019-12-10 15:09:59
110;Мальчик в полосатой пижаме;8.173;7.8;2008;https://www.kinopoisk.ru/film/281251/;2019-12-10 15:09:59
109;Шерлок Холмс и доктор Ватсон: Кровавая надпись  (ТВ);8.414;8.5;1979;https://www.kinopoisk.ru/film/77265/;2019-12-10 15:09:59
108;Девчата;8.355;8.0;1962;https://www.kinopoisk.ru/film/44168/;2019-12-10 15:09:59
107;Свидетель обвинения;8.158;8.4;1957;https://www.kinopoisk.ru/film/489/;2019-12-10 15:09:59
106;Малышка на миллион;8.074;8.1;2004;https://www.kinopoisk.ru/film/81297/;2019-12-10 15:09:59
105;Хоббит: Нежданное путешествие;8.061;7.8;2012;https://www.kinopoisk.ru/film/278522/;2019-12-10 15:09:59
104;Баллада о солдате;8.248;8.2;1959;https://www.kinopoisk.ru/film/46019/;2019-12-10 15:09:59
103;Брат;8.228;8.0;1997;https://www.kinopoisk.ru/film/41519/;2019-12-10 15:09:59
102;Зеленая книга;8.323;8.2;2018;https://www.kinopoisk.ru/film/1108577/;2019-12-10 15:09:59
101;Гонка;8.08;8.1;2013;https://www.kinopoisk.ru/film/596125/;2019-12-10 15:09:59
100;Ходячий замок;8.279;8.2;2004;https://www.kinopoisk.ru/film/49684/;2019-12-10 15:09:59
99;Они сражались за Родину;8.377;8.0;1975;https://www.kinopoisk.ru/film/42770/;2019-12-10 15:09:59
98;Шерлок Холмс и доктор Ватсон: Смертельная схватка  (ТВ);8.427;8.6;1980;https://www.kinopoisk.ru/film/354799/;2019-12-10 15:09:59
97;…А в душе я танцую;8.111;7.8;2004;https://www.kinopoisk.ru/film/84014/;2019-12-10 15:09:59
96;Адвокат дьявола;8.164;7.5;1997;https://www.kinopoisk.ru/film/3797/;2019-12-10 15:09:59
95;Амадей;8.154;8.3;1984;https://www.kinopoisk.ru/film/397/;2019-12-10 15:09:59
94;Счастливое число Слевина;8.112;7.7;2005;https://www.kinopoisk.ru/film/86326/;2019-12-10 15:09:59
93;Жизнь других;8.067;8.4;2006;https://www.kinopoisk.ru/film/126196/;2019-12-10 15:09:59
92;Джокер;8.168;8.7;2019;https://www.kinopoisk.ru/film/1048334/;2019-12-10 15:09:59
91;Темный рыцарь: Возрождение легенды;8.138;8.4;2012;https://www.kinopoisk.ru/film/437410/;2019-12-10 15:09:59
90;Служебный роман;8.289;8.3;1977;https://www.kinopoisk.ru/film/43869/;2019-12-10 15:09:59
89;Унесенные ветром;8.383;8.1;1939;https://www.kinopoisk.ru/film/456/;2019-12-10 15:09:59
88;Балто;8.329;7.1;1995;https://www.kinopoisk.ru/film/7097/;2019-12-10 15:09:59
87;Римские каникулы;8.275;8.0;1953;https://www.kinopoisk.ru/film/497/;2019-12-10 15:09:59
86;Однажды в Америке;8.274;8.4;1983;https://www.kinopoisk.ru/film/469/;2019-12-10 15:09:59
85;Укрощение строптивого;8.385;7.7;1980;https://www.kinopoisk.ru/film/63912/;2019-12-10 15:09:59
84;Дневник памяти;8.257;7.8;2004;https://www.kinopoisk.ru/film/3561/;2019-12-10 15:09:59
83;Красавица и чудовище;8.27;8.0;1991;https://www.kinopoisk.ru/film/540/;2019-12-10 15:09:59
82;Назад в будущее 2;8.288;7.8;1989;https://www.kinopoisk.ru/film/5502/;2019-12-10 15:09:59
81;Судьба человека;8.367;8.0;1959;https://www.kinopoisk.ru/film/44027/;2019-12-10 15:09:59
80;Эффект бабочки;8.168;7.6;2003;https://www.kinopoisk.ru/film/5167/;2019-12-10 15:09:59
79;Белый Бим Черное ухо;8.371;8.3;1976;https://www.kinopoisk.ru/film/46068/;2019-12-10 15:09:59
78;В погоне за счастьем;8.249;8.0;2006;https://www.kinopoisk.ru/film/104938/;2019-12-10 15:09:59
77;Спасти рядового Райана;8.178;8.6;1998;https://www.kinopoisk.ru/film/371/;2019-12-10 15:09:59
76;Малыш;8.244;8.3;1921;https://www.kinopoisk.ru/film/2127/;2019-12-10 15:09:59
75;Офицеры;8.453;7.7;1971;https://www.kinopoisk.ru/film/42736/;2019-12-10 15:09:59
74;Летят журавли;8.291;8.3;1957;https://www.kinopoisk.ru/film/7724/;2019-12-10 15:09:59
73;Шестое чувство;8.173;8.1;1999;https://www.kinopoisk.ru/film/395/;2019-12-10 15:09:59
72;Изгой;8.252;7.8;2000;https://www.kinopoisk.ru/film/627/;2019-12-10 15:09:59
71;Зверополис;8.296;8.0;2016;https://www.kinopoisk.ru/film/775276/;2019-12-10 15:09:59
70;Человек дождя;8.247;8.0;1988;https://www.kinopoisk.ru/film/519/;2019-12-10 15:09:59
69;Прислуга;8.164;8.1;2011;https://www.kinopoisk.ru/film/470553/;2019-12-10 15:09:59
68;Одержимость;8.328;8.5;2013;https://www.kinopoisk.ru/film/725190/;2019-12-10 15:09:59
67;Гран Торино;8.131;8.1;2008;https://www.kinopoisk.ru/film/408410/;2019-12-10 15:09:59
66;Москва слезам не верит;8.372;8.1;1979;https://www.kinopoisk.ru/film/46708/;2019-12-10 15:09:59
65;Шерлок Холмс и доктор Ватсон: Знакомство  (ТВ);8.556;8.6;1980;https://www.kinopoisk.ru/film/77269/;2019-12-10 15:09:59
64;Храброе сердце;8.281;8.3;1995;https://www.kinopoisk.ru/film/399/;2019-12-10 15:09:59
63;Игра;8.253;7.8;1997;https://www.kinopoisk.ru/film/12198/;2019-12-10 15:09:59
62;Нокдаун;8.203;8.0;2005;https://www.kinopoisk.ru/film/12244/;2019-12-10 15:09:59
61;Собачье сердце  (ТВ);8.343;8.7;1988;https://www.kinopoisk.ru/film/77335/;2019-12-10 15:09:59
60;Крестный отец 2;8.541;9.0;1974;https://www.kinopoisk.ru/film/327/;2019-12-10 15:09:59
59;Джанго освобожденный;8.181;8.4;2012;https://www.kinopoisk.ru/film/586397/;2019-12-10 15:09:59
58;Терминатор 2: Судный день;8.307;8.5;1991;https://www.kinopoisk.ru/film/444/;2019-12-10 15:09:59
57;Как приручить дракона;8.201;8.1;2010;https://www.kinopoisk.ru/film/280172/;2019-12-10 15:09:59
56;Шоу Трумана;8.252;8.1;1998;https://www.kinopoisk.ru/film/4541/;2019-12-10 15:09:59
55;Молчание ягнят;8.332;8.6;1990;https://www.kinopoisk.ru/film/345/;2019-12-10 15:09:59
54;Семь;8.295;8.6;1995;https://www.kinopoisk.ru/film/377/;2019-12-10 15:09:59
53;Приключения Шерлока Холмса и доктора Ватсона: Собака Баскервилей  (ТВ);8.6;8.7;1981;https://www.kinopoisk.ru/film/77263/;2019-12-10 15:09:59
52;Хористы;8.278;7.9;2004;https://www.kinopoisk.ru/film/51481/;2019-12-10 15:09:59
51;Хороший, плохой, злой;8.528;8.8;1966;https://www.kinopoisk.ru/film/349/;2019-12-10 15:09:59
50;Кавказская пленница, или Новые приключения Шурика;8.457;8.4;1966;https://www.kinopoisk.ru/film/44745/;2019-12-10 15:09:59
49;Эта замечательная жизнь;8.453;8.6;1947;https://www.kinopoisk.ru/film/348/;2019-12-10 15:09:59
48;...А зори здесь тихие;8.504;8.2;1972;https://www.kinopoisk.ru/film/43395/;2019-12-10 15:09:59
47;Унесённые призраками;8.433;8.6;2001;https://www.kinopoisk.ru/film/370/;2019-12-10 15:09:59
46;Огни большого города;8.508;8.5;1931;https://www.kinopoisk.ru/film/414/;2019-12-10 15:09:59
45;Хатико: Самый верный друг;8.341;8.1;2008;https://www.kinopoisk.ru/film/387556/;2019-12-10 15:09:59
44;Пробуждение;8.439;7.8;1990;https://www.kinopoisk.ru/film/2950/;2019-12-10 15:09:59
43;В джазе только девушки;8.461;8.2;1959;https://www.kinopoisk.ru/film/356/;2019-12-10 15:09:59
42;Запах женщины;8.451;8.0;1992;https://www.kinopoisk.ru/film/4871/;2019-12-10 15:09:59
41;12 разгневанных мужчин;8.511;8.9;1956;https://www.kinopoisk.ru/film/346/;2019-12-10 15:09:59
40;Титаник;8.365;7.8;1997;https://www.kinopoisk.ru/film/2213/;2019-12-10 15:09:59
39;Темный рыцарь;8.5;9.0;2008;https://www.kinopoisk.ru/film/111543/;2019-12-10 15:09:59
38;Пролетая над гнездом кукушки;8.543;8.7;1975;https://www.kinopoisk.ru/film/336/;2019-12-10 15:09:59
37;Остров проклятых;8.493;8.1;2009;https://www.kinopoisk.ru/film/397667/;2019-12-10 15:09:59
36;Пираты Карибского моря: Проклятие Черной жемчужины;8.334;8.0;2003;https://www.kinopoisk.ru/film/4374/;2019-12-10 15:09:59
35;Джентльмены удачи;8.526;8.5;1971;https://www.kinopoisk.ru/film/44386/;2019-12-10 15:09:59
34;Американская история X;8.296;8.5;1998;https://www.kinopoisk.ru/film/382/;2019-12-10 15:09:59
33;Властелин колец: Две крепости;8.564;8.7;2002;https://www.kinopoisk.ru/film/312/;2019-12-10 15:09:59
32;Тайна Коко;8.599;8.4;2017;https://www.kinopoisk.ru/film/679486/;2019-12-10 15:09:59
31;Большой куш;8.534;8.3;2000;https://www.kinopoisk.ru/film/526/;2019-12-10 15:09:59
30;ВАЛЛ·И;8.306;8.4;2008;https://www.kinopoisk.ru/film/279102/;2019-12-10 15:09:59
29;Властелин колец: Братство кольца;8.568;8.8;2001;https://www.kinopoisk.ru/film/328/;2019-12-10 15:09:59
28;В бой идут одни «старики»;8.709;8.4;1973;https://www.kinopoisk.ru/film/25108/;2019-12-10 15:09:59
27;Пианист;8.464;8.5;2002;https://www.kinopoisk.ru/film/355/;2019-12-10 15:09:59
26;Поймай меня, если сможешь;8.513;8.1;2002;https://www.kinopoisk.ru/film/324/;2019-12-10 15:09:59
25;Отступники;8.455;8.5;2006;https://www.kinopoisk.ru/film/81314/;2019-12-10 15:09:59
24;Бриллиантовая рука;8.517;8.5;1968;https://www.kinopoisk.ru/film/46225/;2019-12-10 15:09:59
23;Матрица;8.49;8.7;1999;https://www.kinopoisk.ru/film/301/;2019-12-10 15:09:59
22;Карты, деньги, два ствола;8.546;8.2;1998;https://www.kinopoisk.ru/film/522/;2019-12-10 15:09:59
21;Назад в будущее;8.626;8.5;1985;https://www.kinopoisk.ru/film/476/;2019-12-10 15:09:59
20;Властелин колец: Возвращение Короля;8.621;8.9;2003;https://www.kinopoisk.ru/film/3498/;2019-12-10 15:09:59
19;Гладиатор;8.578;8.5;2000;https://www.kinopoisk.ru/film/474/;2019-12-10 15:09:59
18;Интерстеллар;8.589;8.6;2014;https://www.kinopoisk.ru/film/258687/;2019-12-10 15:09:59
17;Игры разума;8.555;8.2;2001;https://www.kinopoisk.ru/film/530/;2019-12-10 15:09:59
16;Престиж;8.523;8.5;2006;https://www.kinopoisk.ru/film/195334/;2019-12-10 15:09:59
15;Операция «Ы» и другие приключения Шурика;8.712;8.7;1965;https://www.kinopoisk.ru/film/42782/;2019-12-10 15:09:59
14;Криминальное чтиво;8.619;8.9;1994;https://www.kinopoisk.ru/film/342/;2019-12-10 15:09:59
13;Крестный отец;8.734;9.2;1972;https://www.kinopoisk.ru/film/325/;2019-12-10 15:09:59
12;Достучаться до небес;8.629;8.0;1997;https://www.kinopoisk.ru/film/32898/;2019-12-10 15:09:59
11;Жизнь прекрасна;8.626;8.6;1997;https://www.kinopoisk.ru/film/381/;2019-12-10 15:09:59
10;Иван Васильевич меняет профессию;8.782;8.4;1973;https://www.kinopoisk.ru/film/42664/;2019-12-10 15:09:59
9;Бойцовский клуб;8.645;8.8;1999;https://www.kinopoisk.ru/film/361/;2019-12-10 15:09:59
8;Король Лев;8.773;8.5;1994;https://www.kinopoisk.ru/film/2360/;2019-12-10 15:09:59
7;Леон;8.681;8.5;1994;https://www.kinopoisk.ru/film/389/;2019-12-10 15:09:59
6;Начало;8.663;8.8;2010;https://www.kinopoisk.ru/film/447301/;2019-12-10 15:09:59
5;1+1;8.807;8.5;2011;https://www.kinopoisk.ru/film/535341/;2019-12-10 15:09:59
4;Список Шиндлера;8.817;8.9;1993;https://www.kinopoisk.ru/film/329/;2019-12-10 15:09:59
3;Форрест Гамп;8.913;8.8;1994;https://www.kinopoisk.ru/film/448/;2019-12-10 15:09:59
2;Зеленая миля;9.061;8.6;1999;https://www.kinopoisk.ru/film/435/;2019-12-10 15:09:59
1;Побег из Шоушенка;9.112;9.3;1994;https://www.kinopoisk.ru/film/326/;2019-12-10 15:09:59
